source,table,label,method,published_cost,matrix_link_status
L01,Table 7,P01,VAM,955.0,unlinked; require matrix identity and original provenance
L01,Table 7,P01,TDM1,880.0,unlinked; require matrix identity and original provenance
L01,Table 7,P01,TOCM_MT,880.0,unlinked; require matrix identity and original provenance
L01,Table 7,P01,JHM,880.0,unlinked; require matrix identity and original provenance
L01,Table 7,P01,BCE,880.0,unlinked; require matrix identity and original provenance
L01,Table 7,P01,optimal,880.0,unlinked; require matrix identity and original provenance
L01,Table 7,P02,VAM,2164000.0,unlinked; require matrix identity and original provenance
L01,Table 7,P02,TDM1,2158500.0,unlinked; require matrix identity and original provenance
L01,Table 7,P02,TOCM_MT,2158500.0,unlinked; require matrix identity and original provenance
L01,Table 7,P02,JHM,2146750.0,unlinked; require matrix identity and original provenance
L01,Table 7,P02,BCE,2146750.0,unlinked; require matrix identity and original provenance
L01,Table 7,P02,optimal,2146750.0,unlinked; require matrix identity and original provenance
L01,Table 7,P03,VAM,1745.0,unlinked; require matrix identity and original provenance
L01,Table 7,P03,TDM1,1650.0,unlinked; require matrix identity and original provenance
L01,Table 7,P03,TOCM_MT,1650.0,unlinked; require matrix identity and original provenance
L01,Table 7,P03,JHM,1650.0,unlinked; require matrix identity and original provenance
L01,Table 7,P03,BCE,1650.0,unlinked; require matrix identity and original provenance
L01,Table 7,P03,optimal,1650.0,unlinked; require matrix identity and original provenance
L01,Table 7,P04,VAM,779.0,unlinked; require matrix identity and original provenance
L01,Table 7,P04,TDM1,779.0,unlinked; require matrix identity and original provenance
L01,Table 7,P04,TOCM_MT,743.0,unlinked; require matrix identity and original provenance
L01,Table 7,P04,JHM,743.0,unlinked; require matrix identity and original provenance
L01,Table 7,P04,BCE,743.0,unlinked; require matrix identity and original provenance
L01,Table 7,P04,optimal,743.0,unlinked; require matrix identity and original provenance
L01,Table 7,P05,VAM,5600.0,unlinked; require matrix identity and original provenance
L01,Table 7,P05,TDM1,5600.0,unlinked; require matrix identity and original provenance
L01,Table 7,P05,TOCM_MT,5600.0,unlinked; require matrix identity and original provenance
L01,Table 7,P05,JHM,5600.0,unlinked; require matrix identity and original provenance
L01,Table 7,P05,BCE,5600.0,unlinked; require matrix identity and original provenance
L01,Table 7,P05,optimal,5600.0,unlinked; require matrix identity and original provenance
L01,Table 7,P06,VAM,880.0,unlinked; require matrix identity and original provenance
L01,Table 7,P06,TDM1,980.0,unlinked; require matrix identity and original provenance
L01,Table 7,P06,TOCM_MT,980.0,unlinked; require matrix identity and original provenance
L01,Table 7,P06,JHM,840.0,unlinked; require matrix identity and original provenance
L01,Table 7,P06,BCE,840.0,unlinked; require matrix identity and original provenance
L01,Table 7,P06,optimal,840.0,unlinked; require matrix identity and original provenance
L01,Table 7,P07,VAM,59.0,unlinked; require matrix identity and original provenance
L01,Table 7,P07,TDM1,59.0,unlinked; require matrix identity and original provenance
L01,Table 7,P07,TOCM_MT,61.0,unlinked; require matrix identity and original provenance
L01,Table 7,P07,JHM,59.0,unlinked; require matrix identity and original provenance
L01,Table 7,P07,BCE,59.0,unlinked; require matrix identity and original provenance
L01,Table 7,P07,optimal,59.0,unlinked; require matrix identity and original provenance
L01,Table 7,P08,VAM,28.0,unlinked; require matrix identity and original provenance
L01,Table 7,P08,TDM1,28.0,unlinked; require matrix identity and original provenance
L01,Table 7,P08,TOCM_MT,28.0,unlinked; require matrix identity and original provenance
L01,Table 7,P08,JHM,28.0,unlinked; require matrix identity and original provenance
L01,Table 7,P08,BCE,28.0,unlinked; require matrix identity and original provenance
L01,Table 7,P08,optimal,28.0,unlinked; require matrix identity and original provenance
L01,Table 7,P09,VAM,475.0,unlinked; require matrix identity and original provenance
L01,Table 7,P09,TDM1,475.0,unlinked; require matrix identity and original provenance
L01,Table 7,P09,TOCM_MT,435.0,unlinked; require matrix identity and original provenance
L01,Table 7,P09,JHM,460.0,unlinked; require matrix identity and original provenance
L01,Table 7,P09,BCE,435.0,unlinked; require matrix identity and original provenance
L01,Table 7,P09,optimal,435.0,unlinked; require matrix identity and original provenance
L01,Table 7,P10,VAM,390.0,unlinked; require matrix identity and original provenance
L01,Table 7,P10,TDM1,400.0,unlinked; require matrix identity and original provenance
L01,Table 7,P10,TOCM_MT,390.0,unlinked; require matrix identity and original provenance
L01,Table 7,P10,JHM,390.0,unlinked; require matrix identity and original provenance
L01,Table 7,P10,BCE,390.0,unlinked; require matrix identity and original provenance
L01,Table 7,P10,optimal,390.0,unlinked; require matrix identity and original provenance
L01,Table 7,P11,VAM,1600.0,unlinked; require matrix identity and original provenance
L01,Table 7,P11,TDM1,1595.0,unlinked; require matrix identity and original provenance
L01,Table 7,P11,TOCM_MT,1580.0,unlinked; require matrix identity and original provenance
L01,Table 7,P11,JHM,1580.0,unlinked; require matrix identity and original provenance
L01,Table 7,P11,BCE,1580.0,unlinked; require matrix identity and original provenance
L01,Table 7,P11,optimal,1580.0,unlinked; require matrix identity and original provenance
L01,Table 7,P12,VAM,49.0,unlinked; require matrix identity and original provenance
L01,Table 7,P12,TDM1,53.0,unlinked; require matrix identity and original provenance
L01,Table 7,P12,TOCM_MT,53.0,unlinked; require matrix identity and original provenance
L01,Table 7,P12,JHM,49.0,unlinked; require matrix identity and original provenance
L01,Table 7,P12,BCE,49.0,unlinked; require matrix identity and original provenance
L01,Table 7,P12,optimal,49.0,unlinked; require matrix identity and original provenance
L01,Table 7,P13,VAM,470.0,unlinked; require matrix identity and original provenance
L01,Table 7,P13,TDM1,435.0,unlinked; require matrix identity and original provenance
L01,Table 7,P13,TOCM_MT,435.0,unlinked; require matrix identity and original provenance
L01,Table 7,P13,JHM,420.0,unlinked; require matrix identity and original provenance
L01,Table 7,P13,BCE,410.0,unlinked; require matrix identity and original provenance
L01,Table 7,P13,optimal,410.0,unlinked; require matrix identity and original provenance
L01,Table 7,P14,VAM,2850.0,unlinked; require matrix identity and original provenance
L01,Table 7,P14,TDM1,2850.0,unlinked; require matrix identity and original provenance
L01,Table 7,P14,TOCM_MT,2850.0,unlinked; require matrix identity and original provenance
L01,Table 7,P14,JHM,2850.0,unlinked; require matrix identity and original provenance
L01,Table 7,P14,BCE,2850.0,unlinked; require matrix identity and original provenance
L01,Table 7,P14,optimal,2850.0,unlinked; require matrix identity and original provenance
L01,Table 7,P15,VAM,187.0,unlinked; require matrix identity and original provenance
L01,Table 7,P15,TDM1,186.0,unlinked; require matrix identity and original provenance
L01,Table 7,P15,TOCM_MT,187.0,unlinked; require matrix identity and original provenance
L01,Table 7,P15,JHM,183.0,unlinked; require matrix identity and original provenance
L01,Table 7,P15,BCE,187.0,unlinked; require matrix identity and original provenance
L01,Table 7,P15,optimal,183.0,unlinked; require matrix identity and original provenance
L01,Table 7,P16,VAM,859.0,unlinked; require matrix identity and original provenance
L01,Table 7,P16,TDM1,859.0,unlinked; require matrix identity and original provenance
L01,Table 7,P16,TOCM_MT,799.0,unlinked; require matrix identity and original provenance
L01,Table 7,P16,JHM,799.0,unlinked; require matrix identity and original provenance
L01,Table 7,P16,BCE,799.0,unlinked; require matrix identity and original provenance
L01,Table 7,P16,optimal,799.0,unlinked; require matrix identity and original provenance
L01,Table 7,P17,VAM,273.0,unlinked; require matrix identity and original provenance
L01,Table 7,P17,TDM1,273.0,unlinked; require matrix identity and original provenance
L01,Table 7,P17,TOCM_MT,273.0,unlinked; require matrix identity and original provenance
L01,Table 7,P17,JHM,273.0,unlinked; require matrix identity and original provenance
L01,Table 7,P17,BCE,273.0,unlinked; require matrix identity and original provenance
L01,Table 7,P17,optimal,273.0,unlinked; require matrix identity and original provenance
L01,Table 7,P18,VAM,1220.0,unlinked; require matrix identity and original provenance
L01,Table 7,P18,TDM1,1160.0,unlinked; require matrix identity and original provenance
L01,Table 7,P18,TOCM_MT,1160.0,unlinked; require matrix identity and original provenance
L01,Table 7,P18,JHM,1170.0,unlinked; require matrix identity and original provenance
L01,Table 7,P18,BCE,1170.0,unlinked; require matrix identity and original provenance
L01,Table 7,P18,optimal,1160.0,unlinked; require matrix identity and original provenance
L01,Table 7,P19,VAM,204.0,unlinked; require matrix identity and original provenance
L01,Table 7,P19,TDM1,200.0,unlinked; require matrix identity and original provenance
L01,Table 7,P19,TOCM_MT,200.0,unlinked; require matrix identity and original provenance
L01,Table 7,P19,JHM,218.0,unlinked; require matrix identity and original provenance
L01,Table 7,P19,BCE,204.0,unlinked; require matrix identity and original provenance
L01,Table 7,P19,optimal,200.0,unlinked; require matrix identity and original provenance
L01,Table 7,P20,VAM,248.0,unlinked; require matrix identity and original provenance
L01,Table 7,P20,TDM1,248.0,unlinked; require matrix identity and original provenance
L01,Table 7,P20,TOCM_MT,240.0,unlinked; require matrix identity and original provenance
L01,Table 7,P20,JHM,240.0,unlinked; require matrix identity and original provenance
L01,Table 7,P20,BCE,240.0,unlinked; require matrix identity and original provenance
L01,Table 7,P20,optimal,240.0,unlinked; require matrix identity and original provenance
L01,Table 7,P21,VAM,820.0,unlinked; require matrix identity and original provenance
L01,Table 7,P21,TDM1,820.0,unlinked; require matrix identity and original provenance
L01,Table 7,P21,TOCM_MT,820.0,unlinked; require matrix identity and original provenance
L01,Table 7,P21,JHM,820.0,unlinked; require matrix identity and original provenance
L01,Table 7,P21,BCE,820.0,unlinked; require matrix identity and original provenance
L01,Table 7,P21,optimal,820.0,unlinked; require matrix identity and original provenance
L01,Table 7,P22,VAM,190.0,unlinked; require matrix identity and original provenance
L01,Table 7,P22,TDM1,190.0,unlinked; require matrix identity and original provenance
L01,Table 7,P22,TOCM_MT,190.0,unlinked; require matrix identity and original provenance
L01,Table 7,P22,JHM,190.0,unlinked; require matrix identity and original provenance
L01,Table 7,P22,BCE,192.0,unlinked; require matrix identity and original provenance
L01,Table 7,P22,optimal,190.0,unlinked; require matrix identity and original provenance
L01,Table 7,P23,VAM,92.0,unlinked; require matrix identity and original provenance
L01,Table 7,P23,TDM1,83.0,unlinked; require matrix identity and original provenance
L01,Table 7,P23,TOCM_MT,83.0,unlinked; require matrix identity and original provenance
L01,Table 7,P23,JHM,83.0,unlinked; require matrix identity and original provenance
L01,Table 7,P23,BCE,83.0,unlinked; require matrix identity and original provenance
L01,Table 7,P23,optimal,83.0,unlinked; require matrix identity and original provenance
L01,Table 7,P24,VAM,3520.0,unlinked; require matrix identity and original provenance
L01,Table 7,P24,TDM1,3570.0,unlinked; require matrix identity and original provenance
L01,Table 7,P24,TOCM_MT,3460.0,unlinked; require matrix identity and original provenance
L01,Table 7,P24,JHM,3460.0,unlinked; require matrix identity and original provenance
L01,Table 7,P24,BCE,3460.0,unlinked; require matrix identity and original provenance
L01,Table 7,P24,optimal,3460.0,unlinked; require matrix identity and original provenance
L01,Table 7,P25,VAM,990.0,unlinked; require matrix identity and original provenance
L01,Table 7,P25,TDM1,990.0,unlinked; require matrix identity and original provenance
L01,Table 7,P25,TOCM_MT,910.0,unlinked; require matrix identity and original provenance
L01,Table 7,P25,JHM,960.0,unlinked; require matrix identity and original provenance
L01,Table 7,P25,BCE,910.0,unlinked; require matrix identity and original provenance
L01,Table 7,P25,optimal,910.0,unlinked; require matrix identity and original provenance
L01,Table 7,P26,VAM,1680.0,unlinked; require matrix identity and original provenance
L01,Table 7,P26,TDM1,1670.0,unlinked; require matrix identity and original provenance
L01,Table 7,P26,TOCM_MT,1670.0,unlinked; require matrix identity and original provenance
L01,Table 7,P26,JHM,1690.0,unlinked; require matrix identity and original provenance
L01,Table 7,P26,BCE,1670.0,unlinked; require matrix identity and original provenance
L01,Table 7,P26,optimal,1670.0,unlinked; require matrix identity and original provenance
L01,Table 7,P27,VAM,2400.0,unlinked; require matrix identity and original provenance
L01,Table 7,P27,TDM1,2400.0,unlinked; require matrix identity and original provenance
L01,Table 7,P27,TOCM_MT,2400.0,unlinked; require matrix identity and original provenance
L01,Table 7,P27,JHM,2340.0,unlinked; require matrix identity and original provenance
L01,Table 7,P27,BCE,2280.0,unlinked; require matrix identity and original provenance
L01,Table 7,P27,optimal,2280.0,unlinked; require matrix identity and original provenance
L01,Table 7,P28,VAM,2980.0,unlinked; require matrix identity and original provenance
L01,Table 7,P28,TDM1,2980.0,unlinked; require matrix identity and original provenance
L01,Table 7,P28,TOCM_MT,2500.0,unlinked; require matrix identity and original provenance
L01,Table 7,P28,JHM,2500.0,unlinked; require matrix identity and original provenance
L01,Table 7,P28,BCE,2460.0,unlinked; require matrix identity and original provenance
L01,Table 7,P28,optimal,2460.0,unlinked; require matrix identity and original provenance
L01,Table 7,P29,VAM,327.0,unlinked; require matrix identity and original provenance
L01,Table 7,P29,TDM1,291.0,unlinked; require matrix identity and original provenance
L01,Table 7,P29,TOCM_MT,291.0,unlinked; require matrix identity and original provenance
L01,Table 7,P29,JHM,327.0,unlinked; require matrix identity and original provenance
L01,Table 7,P29,BCE,291.0,unlinked; require matrix identity and original provenance
L01,Table 7,P29,optimal,291.0,unlinked; require matrix identity and original provenance
L01,Table 7,P30,VAM,5125.0,unlinked; require matrix identity and original provenance
L01,Table 7,P30,TDM1,4550.0,unlinked; require matrix identity and original provenance
L01,Table 7,P30,TOCM_MT,5225.0,unlinked; require matrix identity and original provenance
L01,Table 7,P30,JHM,4525.0,unlinked; require matrix identity and original provenance
L01,Table 7,P30,BCE,4525.0,unlinked; require matrix identity and original provenance
L01,Table 7,P30,optimal,4525.0,unlinked; require matrix identity and original provenance
L01,Table 7,P31,VAM,960.0,unlinked; require matrix identity and original provenance
L01,Table 7,P31,TDM1,960.0,unlinked; require matrix identity and original provenance
L01,Table 7,P31,TOCM_MT,930.0,unlinked; require matrix identity and original provenance
L01,Table 7,P31,JHM,920.0,unlinked; require matrix identity and original provenance
L01,Table 7,P31,BCE,920.0,unlinked; require matrix identity and original provenance
L01,Table 7,P31,optimal,920.0,unlinked; require matrix identity and original provenance
L01,Table 7,P32,VAM,859.0,unlinked; require matrix identity and original provenance
L01,Table 7,P32,TDM1,849.0,unlinked; require matrix identity and original provenance
L01,Table 7,P32,TOCM_MT,809.0,unlinked; require matrix identity and original provenance
L01,Table 7,P32,JHM,809.0,unlinked; require matrix identity and original provenance
L01,Table 7,P32,BCE,809.0,unlinked; require matrix identity and original provenance
L01,Table 7,P32,optimal,809.0,unlinked; require matrix identity and original provenance
L01,Table 7,P33,VAM,476.0,unlinked; require matrix identity and original provenance
L01,Table 7,P33,TDM1,465.0,unlinked; require matrix identity and original provenance
L01,Table 7,P33,TOCM_MT,417.0,unlinked; require matrix identity and original provenance
L01,Table 7,P33,JHM,417.0,unlinked; require matrix identity and original provenance
L01,Table 7,P33,BCE,417.0,unlinked; require matrix identity and original provenance
L01,Table 7,P33,optimal,417.0,unlinked; require matrix identity and original provenance
L01,Table 7,P34,VAM,3778.0,unlinked; require matrix identity and original provenance
L01,Table 7,P34,TDM1,3572.0,unlinked; require matrix identity and original provenance
L01,Table 7,P34,TOCM_MT,3513.0,unlinked; require matrix identity and original provenance
L01,Table 7,P34,JHM,3487.0,unlinked; require matrix identity and original provenance
L01,Table 7,P34,BCE,3458.0,unlinked; require matrix identity and original provenance
L01,Table 7,P34,optimal,3458.0,unlinked; require matrix identity and original provenance
L01,Table 7,P35,VAM,112.0,unlinked; require matrix identity and original provenance
L01,Table 7,P35,TDM1,117.0,unlinked; require matrix identity and original provenance
L01,Table 7,P35,TOCM_MT,109.0,unlinked; require matrix identity and original provenance
L01,Table 7,P35,JHM,112.0,unlinked; require matrix identity and original provenance
L01,Table 7,P35,BCE,109.0,unlinked; require matrix identity and original provenance
L01,Table 7,P35,optimal,109.0,unlinked; require matrix identity and original provenance
L03,Table 7,P1,LCM,1075.0,unlinked; require matrix identity and original provenance
L03,Table 7,P1,VAM,955.0,unlinked; require matrix identity and original provenance
L03,Table 7,P1,JHM,880.0,unlinked; require matrix identity and original provenance
L03,Table 7,P1,TOCM_MT,880.0,unlinked; require matrix identity and original provenance
L03,Table 7,P1,BCE,880.0,unlinked; require matrix identity and original provenance
L03,Table 7,P1,SSM,880.0,unlinked; require matrix identity and original provenance
L03,Table 7,P1,optimal,880.0,unlinked; require matrix identity and original provenance
L03,Table 7,P2,LCM,1695.0,unlinked; require matrix identity and original provenance
L03,Table 7,P2,VAM,1745.0,unlinked; require matrix identity and original provenance
L03,Table 7,P2,JHM,1650.0,unlinked; require matrix identity and original provenance
L03,Table 7,P2,TOCM_MT,1650.0,unlinked; require matrix identity and original provenance
L03,Table 7,P2,BCE,1650.0,unlinked; require matrix identity and original provenance
L03,Table 7,P2,SSM,1650.0,unlinked; require matrix identity and original provenance
L03,Table 7,P2,optimal,1650.0,unlinked; require matrix identity and original provenance
L03,Table 7,P3,LCM,814.0,unlinked; require matrix identity and original provenance
L03,Table 7,P3,VAM,779.0,unlinked; require matrix identity and original provenance
L03,Table 7,P3,JHM,743.0,unlinked; require matrix identity and original provenance
L03,Table 7,P3,TOCM_MT,743.0,unlinked; require matrix identity and original provenance
L03,Table 7,P3,BCE,743.0,unlinked; require matrix identity and original provenance
L03,Table 7,P3,SSM,743.0,unlinked; require matrix identity and original provenance
L03,Table 7,P3,optimal,743.0,unlinked; require matrix identity and original provenance
L03,Table 7,P4,LCM,5600.0,unlinked; require matrix identity and original provenance
L03,Table 7,P4,VAM,5600.0,unlinked; require matrix identity and original provenance
L03,Table 7,P4,JHM,5600.0,unlinked; require matrix identity and original provenance
L03,Table 7,P4,TOCM_MT,5600.0,unlinked; require matrix identity and original provenance
L03,Table 7,P4,BCE,5600.0,unlinked; require matrix identity and original provenance
L03,Table 7,P4,SSM,5600.0,unlinked; require matrix identity and original provenance
L03,Table 7,P4,optimal,5600.0,unlinked; require matrix identity and original provenance
L03,Table 7,P5,LCM,28.0,unlinked; require matrix identity and original provenance
L03,Table 7,P5,VAM,28.0,unlinked; require matrix identity and original provenance
L03,Table 7,P5,JHM,28.0,unlinked; require matrix identity and original provenance
L03,Table 7,P5,TOCM_MT,28.0,unlinked; require matrix identity and original provenance
L03,Table 7,P5,BCE,28.0,unlinked; require matrix identity and original provenance
L03,Table 7,P5,SSM,28.0,unlinked; require matrix identity and original provenance
L03,Table 7,P5,optimal,28.0,unlinked; require matrix identity and original provenance
L03,Table 7,P6,LCM,49.0,unlinked; require matrix identity and original provenance
L03,Table 7,P6,VAM,49.0,unlinked; require matrix identity and original provenance
L03,Table 7,P6,JHM,49.0,unlinked; require matrix identity and original provenance
L03,Table 7,P6,TOCM_MT,53.0,unlinked; require matrix identity and original provenance
L03,Table 7,P6,BCE,49.0,unlinked; require matrix identity and original provenance
L03,Table 7,P6,SSM,49.0,unlinked; require matrix identity and original provenance
L03,Table 7,P6,optimal,49.0,unlinked; require matrix identity and original provenance
L03,Table 7,P7,LCM,156.0,unlinked; require matrix identity and original provenance
L03,Table 7,P7,VAM,156.0,unlinked; require matrix identity and original provenance
L03,Table 7,P7,JHM,156.0,unlinked; require matrix identity and original provenance
L03,Table 7,P7,TOCM_MT,156.0,unlinked; require matrix identity and original provenance
L03,Table 7,P7,BCE,156.0,unlinked; require matrix identity and original provenance
L03,Table 7,P7,SSM,156.0,unlinked; require matrix identity and original provenance
L03,Table 7,P7,optimal,156.0,unlinked; require matrix identity and original provenance
L03,Table 7,P8,LCM,150.0,unlinked; require matrix identity and original provenance
L03,Table 7,P8,VAM,149.0,unlinked; require matrix identity and original provenance
L03,Table 7,P8,JHM,149.0,unlinked; require matrix identity and original provenance
L03,Table 7,P8,TOCM_MT,149.0,unlinked; require matrix identity and original provenance
L03,Table 7,P8,BCE,149.0,unlinked; require matrix identity and original provenance
L03,Table 7,P8,SSM,149.0,unlinked; require matrix identity and original provenance
L03,Table 7,P8,optimal,149.0,unlinked; require matrix identity and original provenance
L03,Table 7,P9,LCM,894.0,unlinked; require matrix identity and original provenance
L03,Table 7,P9,VAM,859.0,unlinked; require matrix identity and original provenance
L03,Table 7,P9,JHM,799.0,unlinked; require matrix identity and original provenance
L03,Table 7,P9,TOCM_MT,799.0,unlinked; require matrix identity and original provenance
L03,Table 7,P9,BCE,799.0,unlinked; require matrix identity and original provenance
L03,Table 7,P9,SSM,799.0,unlinked; require matrix identity and original provenance
L03,Table 7,P9,optimal,799.0,unlinked; require matrix identity and original provenance
L03,Table 7,P10,LCM,278.0,unlinked; require matrix identity and original provenance
L03,Table 7,P10,VAM,273.0,unlinked; require matrix identity and original provenance
L03,Table 7,P10,JHM,273.0,unlinked; require matrix identity and original provenance
L03,Table 7,P10,TOCM_MT,273.0,unlinked; require matrix identity and original provenance
L03,Table 7,P10,BCE,273.0,unlinked; require matrix identity and original provenance
L03,Table 7,P10,SSM,273.0,unlinked; require matrix identity and original provenance
L03,Table 7,P10,optimal,273.0,unlinked; require matrix identity and original provenance
L03,Table 7,P11,LCM,1165.0,unlinked; require matrix identity and original provenance
L03,Table 7,P11,VAM,1220.0,unlinked; require matrix identity and original provenance
L03,Table 7,P11,JHM,1170.0,unlinked; require matrix identity and original provenance
L03,Table 7,P11,TOCM_MT,1160.0,unlinked; require matrix identity and original provenance
L03,Table 7,P11,BCE,1170.0,unlinked; require matrix identity and original provenance
L03,Table 7,P11,SSM,1165.0,unlinked; require matrix identity and original provenance
L03,Table 7,P11,optimal,1160.0,unlinked; require matrix identity and original provenance
L03,Table 7,P12,LCM,131.0,unlinked; require matrix identity and original provenance
L03,Table 7,P12,VAM,131.0,unlinked; require matrix identity and original provenance
L03,Table 7,P12,JHM,131.0,unlinked; require matrix identity and original provenance
L03,Table 7,P12,TOCM_MT,131.0,unlinked; require matrix identity and original provenance
L03,Table 7,P12,BCE,131.0,unlinked; require matrix identity and original provenance
L03,Table 7,P12,SSM,131.0,unlinked; require matrix identity and original provenance
L03,Table 7,P12,optimal,131.0,unlinked; require matrix identity and original provenance
L03,Table 7,P13,LCM,855.0,unlinked; require matrix identity and original provenance
L03,Table 7,P13,VAM,820.0,unlinked; require matrix identity and original provenance
L03,Table 7,P13,JHM,820.0,unlinked; require matrix identity and original provenance
L03,Table 7,P13,TOCM_MT,820.0,unlinked; require matrix identity and original provenance
L03,Table 7,P13,BCE,820.0,unlinked; require matrix identity and original provenance
L03,Table 7,P13,SSM,820.0,unlinked; require matrix identity and original provenance
L03,Table 7,P13,optimal,820.0,unlinked; require matrix identity and original provenance
L03,Table 7,P14,LCM,615.0,unlinked; require matrix identity and original provenance
L03,Table 7,P14,VAM,605.0,unlinked; require matrix identity and original provenance
L03,Table 7,P14,JHM,605.0,unlinked; require matrix identity and original provenance
L03,Table 7,P14,TOCM_MT,605.0,unlinked; require matrix identity and original provenance
L03,Table 7,P14,BCE,615.0,unlinked; require matrix identity and original provenance
L03,Table 7,P14,SSM,605.0,unlinked; require matrix identity and original provenance
L03,Table 7,P14,optimal,605.0,unlinked; require matrix identity and original provenance
L03,Table 7,P15,LCM,3670.0,unlinked; require matrix identity and original provenance
L03,Table 7,P15,VAM,3520.0,unlinked; require matrix identity and original provenance
L03,Table 7,P15,JHM,3460.0,unlinked; require matrix identity and original provenance
L03,Table 7,P15,TOCM_MT,3460.0,unlinked; require matrix identity and original provenance
L03,Table 7,P15,BCE,3460.0,unlinked; require matrix identity and original provenance
L03,Table 7,P15,SSM,3460.0,unlinked; require matrix identity and original provenance
L03,Table 7,P15,optimal,3460.0,unlinked; require matrix identity and original provenance
L03,Table 7,P16,LCM,1465.0,unlinked; require matrix identity and original provenance
L03,Table 7,P16,VAM,1401.0,unlinked; require matrix identity and original provenance
L03,Table 7,P16,JHM,1465.0,unlinked; require matrix identity and original provenance
L03,Table 7,P16,TOCM_MT,1434.0,unlinked; require matrix identity and original provenance
L03,Table 7,P16,BCE,1465.0,unlinked; require matrix identity and original provenance
L03,Table 7,P16,SSM,1434.0,unlinked; require matrix identity and original provenance
L03,Table 7,P16,optimal,1401.0,unlinked; require matrix identity and original provenance
L03,Table 7,P17,LCM,2500.0,unlinked; require matrix identity and original provenance
L03,Table 7,P17,VAM,2400.0,unlinked; require matrix identity and original provenance
L03,Table 7,P17,JHM,2340.0,unlinked; require matrix identity and original provenance
L03,Table 7,P17,TOCM_MT,2400.0,unlinked; require matrix identity and original provenance
L03,Table 7,P17,BCE,2280.0,unlinked; require matrix identity and original provenance
L03,Table 7,P17,SSM,2360.0,unlinked; require matrix identity and original provenance
L03,Table 7,P17,optimal,2280.0,unlinked; require matrix identity and original provenance
L03,Table 7,P18,LCM,319.0,unlinked; require matrix identity and original provenance
L03,Table 7,P18,VAM,327.0,unlinked; require matrix identity and original provenance
L03,Table 7,P18,JHM,327.0,unlinked; require matrix identity and original provenance
L03,Table 7,P18,TOCM_MT,291.0,unlinked; require matrix identity and original provenance
L03,Table 7,P18,BCE,291.0,unlinked; require matrix identity and original provenance
L03,Table 7,P18,SSM,291.0,unlinked; require matrix identity and original provenance
L03,Table 7,P18,optimal,291.0,unlinked; require matrix identity and original provenance
L03,Table 7,P19,LCM,4550.0,unlinked; require matrix identity and original provenance
L03,Table 7,P19,VAM,5125.0,unlinked; require matrix identity and original provenance
L03,Table 7,P19,JHM,4525.0,unlinked; require matrix identity and original provenance
L03,Table 7,P19,TOCM_MT,5225.0,unlinked; require matrix identity and original provenance
L03,Table 7,P19,BCE,4525.0,unlinked; require matrix identity and original provenance
L03,Table 7,P19,SSM,4525.0,unlinked; require matrix identity and original provenance
L03,Table 7,P19,optimal,4525.0,unlinked; require matrix identity and original provenance
L03,Table 7,P20,LCM,960.0,unlinked; require matrix identity and original provenance
L03,Table 7,P20,VAM,960.0,unlinked; require matrix identity and original provenance
L03,Table 7,P20,JHM,920.0,unlinked; require matrix identity and original provenance
L03,Table 7,P20,TOCM_MT,930.0,unlinked; require matrix identity and original provenance
L03,Table 7,P20,BCE,920.0,unlinked; require matrix identity and original provenance
L03,Table 7,P20,SSM,920.0,unlinked; require matrix identity and original provenance
L03,Table 7,P20,optimal,920.0,unlinked; require matrix identity and original provenance
L03,Table 7,P21,LCM,894.0,unlinked; require matrix identity and original provenance
L03,Table 7,P21,VAM,849.0,unlinked; require matrix identity and original provenance
L03,Table 7,P21,JHM,809.0,unlinked; require matrix identity and original provenance
L03,Table 7,P21,TOCM_MT,809.0,unlinked; require matrix identity and original provenance
L03,Table 7,P21,BCE,809.0,unlinked; require matrix identity and original provenance
L03,Table 7,P21,SSM,809.0,unlinked; require matrix identity and original provenance
L03,Table 7,P21,optimal,809.0,unlinked; require matrix identity and original provenance
L03,Table 7,P22,LCM,510.0,unlinked; require matrix identity and original provenance
L03,Table 7,P22,VAM,465.0,unlinked; require matrix identity and original provenance
L03,Table 7,P22,JHM,417.0,unlinked; require matrix identity and original provenance
L03,Table 7,P22,TOCM_MT,417.0,unlinked; require matrix identity and original provenance
L03,Table 7,P22,BCE,417.0,unlinked; require matrix identity and original provenance
L03,Table 7,P22,SSM,417.0,unlinked; require matrix identity and original provenance
L03,Table 7,P22,optimal,417.0,unlinked; require matrix identity and original provenance
L03,Table 7,P23,LCM,115.0,unlinked; require matrix identity and original provenance
L03,Table 7,P23,VAM,109.0,unlinked; require matrix identity and original provenance
L03,Table 7,P23,JHM,112.0,unlinked; require matrix identity and original provenance
L03,Table 7,P23,TOCM_MT,109.0,unlinked; require matrix identity and original provenance
L03,Table 7,P23,BCE,109.0,unlinked; require matrix identity and original provenance
L03,Table 7,P23,SSM,109.0,unlinked; require matrix identity and original provenance
L03,Table 7,P23,optimal,109.0,unlinked; require matrix identity and original provenance
L03,Table 7,P24,LCM,2070.0,unlinked; require matrix identity and original provenance
L03,Table 7,P24,VAM,2130.0,unlinked; require matrix identity and original provenance
L03,Table 7,P24,JHM,2120.0,unlinked; require matrix identity and original provenance
L03,Table 7,P24,TOCM_MT,2130.0,unlinked; require matrix identity and original provenance
L03,Table 7,P24,BCE,2120.0,unlinked; require matrix identity and original provenance
L03,Table 7,P24,SSM,2090.0,unlinked; require matrix identity and original provenance
L03,Table 7,P24,optimal,2070.0,unlinked; require matrix identity and original provenance
L03,Table 7,P25,LCM,433.0,unlinked; require matrix identity and original provenance
L03,Table 7,P25,VAM,425.0,unlinked; require matrix identity and original provenance
L03,Table 7,P25,JHM,439.0,unlinked; require matrix identity and original provenance
L03,Table 7,P25,TOCM_MT,439.0,unlinked; require matrix identity and original provenance
L03,Table 7,P25,BCE,439.0,unlinked; require matrix identity and original provenance
L03,Table 7,P25,SSM,425.0,unlinked; require matrix identity and original provenance
L03,Table 7,P25,optimal,425.0,unlinked; require matrix identity and original provenance
L03,Table 7,P26,LCM,473.0,unlinked; require matrix identity and original provenance
L03,Table 7,P26,VAM,473.0,unlinked; require matrix identity and original provenance
L03,Table 7,P26,JHM,475.0,unlinked; require matrix identity and original provenance
L03,Table 7,P26,TOCM_MT,475.0,unlinked; require matrix identity and original provenance
L03,Table 7,P26,BCE,475.0,unlinked; require matrix identity and original provenance
L03,Table 7,P26,SSM,465.0,unlinked; require matrix identity and original provenance
L03,Table 7,P26,optimal,465.0,unlinked; require matrix identity and original provenance
L03,Table 7,P27,LCM,1900.0,unlinked; require matrix identity and original provenance
L03,Table 7,P27,VAM,1930.0,unlinked; require matrix identity and original provenance
L03,Table 7,P27,JHM,1900.0,unlinked; require matrix identity and original provenance
L03,Table 7,P27,TOCM_MT,2040.0,unlinked; require matrix identity and original provenance
L03,Table 7,P27,BCE,1900.0,unlinked; require matrix identity and original provenance
L03,Table 7,P27,SSM,1900.0,unlinked; require matrix identity and original provenance
L03,Table 7,P27,optimal,1900.0,unlinked; require matrix identity and original provenance
L03,Table 7,P28,LCM,295.0,unlinked; require matrix identity and original provenance
L03,Table 7,P28,VAM,290.0,unlinked; require matrix identity and original provenance
L03,Table 7,P28,JHM,290.0,unlinked; require matrix identity and original provenance
L03,Table 7,P28,TOCM_MT,290.0,unlinked; require matrix identity and original provenance
L03,Table 7,P28,BCE,290.0,unlinked; require matrix identity and original provenance
L03,Table 7,P28,SSM,290.0,unlinked; require matrix identity and original provenance
L03,Table 7,P28,optimal,290.0,unlinked; require matrix identity and original provenance
L03,Table 7,P29,LCM,310.0,unlinked; require matrix identity and original provenance
L03,Table 7,P29,VAM,285.0,unlinked; require matrix identity and original provenance
L03,Table 7,P29,JHM,285.0,unlinked; require matrix identity and original provenance
L03,Table 7,P29,TOCM_MT,285.0,unlinked; require matrix identity and original provenance
L03,Table 7,P29,BCE,285.0,unlinked; require matrix identity and original provenance
L03,Table 7,P29,SSM,285.0,unlinked; require matrix identity and original provenance
L03,Table 7,P29,optimal,285.0,unlinked; require matrix identity and original provenance
L03,Table 7,P30,LCM,450.0,unlinked; require matrix identity and original provenance
L03,Table 7,P30,VAM,450.0,unlinked; require matrix identity and original provenance
L03,Table 7,P30,JHM,590.0,unlinked; require matrix identity and original provenance
L03,Table 7,P30,TOCM_MT,450.0,unlinked; require matrix identity and original provenance
L03,Table 7,P30,BCE,590.0,unlinked; require matrix identity and original provenance
L03,Table 7,P30,SSM,450.0,unlinked; require matrix identity and original provenance
L03,Table 7,P30,optimal,450.0,unlinked; require matrix identity and original provenance
L03,Table 7,P31,LCM,112.0,unlinked; require matrix identity and original provenance
L03,Table 7,P31,VAM,112.0,unlinked; require matrix identity and original provenance
L03,Table 7,P31,JHM,114.0,unlinked; require matrix identity and original provenance
L03,Table 7,P31,TOCM_MT,112.0,unlinked; require matrix identity and original provenance
L03,Table 7,P31,BCE,114.0,unlinked; require matrix identity and original provenance
L03,Table 7,P31,SSM,112.0,unlinked; require matrix identity and original provenance
L03,Table 7,P31,optimal,112.0,unlinked; require matrix identity and original provenance
L03,Table 7,S1,LCM,23.0,unlinked; require matrix identity and original provenance
L03,Table 7,S1,VAM,23.0,unlinked; require matrix identity and original provenance
L03,Table 7,S1,JHM,23.0,unlinked; require matrix identity and original provenance
L03,Table 7,S1,TOCM_MT,23.0,unlinked; require matrix identity and original provenance
L03,Table 7,S1,BCE,23.0,unlinked; require matrix identity and original provenance
L03,Table 7,S1,SSM,23.0,unlinked; require matrix identity and original provenance
L03,Table 7,S1,optimal,23.0,unlinked; require matrix identity and original provenance
L03,Table 7,S2,LCM,133.0,unlinked; require matrix identity and original provenance
L03,Table 7,S2,VAM,127.0,unlinked; require matrix identity and original provenance
L03,Table 7,S2,JHM,133.0,unlinked; require matrix identity and original provenance
L03,Table 7,S2,TOCM_MT,133.0,unlinked; require matrix identity and original provenance
L03,Table 7,S2,BCE,133.0,unlinked; require matrix identity and original provenance
L03,Table 7,S2,SSM,127.0,unlinked; require matrix identity and original provenance
L03,Table 7,S2,optimal,127.0,unlinked; require matrix identity and original provenance
L03,Table 7,S3,LCM,320.0,unlinked; require matrix identity and original provenance
L03,Table 7,S3,VAM,320.0,unlinked; require matrix identity and original provenance
L03,Table 7,S3,JHM,280.0,unlinked; require matrix identity and original provenance
L03,Table 7,S3,TOCM_MT,280.0,unlinked; require matrix identity and original provenance
L03,Table 7,S3,BCE,280.0,unlinked; require matrix identity and original provenance
L03,Table 7,S3,SSM,280.0,unlinked; require matrix identity and original provenance
L03,Table 7,S3,optimal,280.0,unlinked; require matrix identity and original provenance
L03,Table 7,S4,LCM,845.0,unlinked; require matrix identity and original provenance
L03,Table 7,S4,VAM,845.0,unlinked; require matrix identity and original provenance
L03,Table 7,S4,JHM,845.0,unlinked; require matrix identity and original provenance
L03,Table 7,S4,TOCM_MT,845.0,unlinked; require matrix identity and original provenance
L03,Table 7,S4,BCE,845.0,unlinked; require matrix identity and original provenance
L03,Table 7,S4,SSM,845.0,unlinked; require matrix identity and original provenance
L03,Table 7,S4,optimal,845.0,unlinked; require matrix identity and original provenance
L03,Table 7,R1,LCM,12219653.0,unlinked; require matrix identity and original provenance
L03,Table 7,R1,VAM,12175097.0,unlinked; require matrix identity and original provenance
L03,Table 7,R1,JHM,12175097.0,unlinked; require matrix identity and original provenance
L03,Table 7,R1,TOCM_MT,12210362.0,unlinked; require matrix identity and original provenance
L03,Table 7,R1,BCE,12175097.0,unlinked; require matrix identity and original provenance
L03,Table 7,R1,SSM,12175097.0,unlinked; require matrix identity and original provenance
L03,Table 7,R1,optimal,12175097.0,unlinked; require matrix identity and original provenance
L03,Table 7,R2,LCM,12894901.0,unlinked; require matrix identity and original provenance
L03,Table 7,R2,VAM,12793609.0,unlinked; require matrix identity and original provenance
L03,Table 7,R2,JHM,12793609.0,unlinked; require matrix identity and original provenance
L03,Table 7,R2,TOCM_MT,12826647.0,unlinked; require matrix identity and original provenance
L03,Table 7,R2,BCE,12793609.0,unlinked; require matrix identity and original provenance
L03,Table 7,R2,SSM,12793609.0,unlinked; require matrix identity and original provenance
L03,Table 7,R2,optimal,12793609.0,unlinked; require matrix identity and original provenance
L03,Table 7,R3,LCM,13375083.0,unlinked; require matrix identity and original provenance
L03,Table 7,R3,VAM,13243021.0,unlinked; require matrix identity and original provenance
L03,Table 7,R3,JHM,13243021.0,unlinked; require matrix identity and original provenance
L03,Table 7,R3,TOCM_MT,13277784.0,unlinked; require matrix identity and original provenance
L03,Table 7,R3,BCE,13243021.0,unlinked; require matrix identity and original provenance
L03,Table 7,R3,SSM,13243021.0,unlinked; require matrix identity and original provenance
L03,Table 7,R3,optimal,13243021.0,unlinked; require matrix identity and original provenance
L03,Table 7,R4,LCM,13053652.0,unlinked; require matrix identity and original provenance
L03,Table 7,R4,VAM,12928429.0,unlinked; require matrix identity and original provenance
L03,Table 7,R4,JHM,12928429.0,unlinked; require matrix identity and original provenance
L03,Table 7,R4,TOCM_MT,12965785.0,unlinked; require matrix identity and original provenance
L03,Table 7,R4,BCE,12928429.0,unlinked; require matrix identity and original provenance
L03,Table 7,R4,SSM,12928429.0,unlinked; require matrix identity and original provenance
L03,Table 7,R4,optimal,12928429.0,unlinked; require matrix identity and original provenance
L03,Table 7,R5,LCM,13809464.0,unlinked; require matrix identity and original provenance
L03,Table 7,R5,VAM,13657053.0,unlinked; require matrix identity and original provenance
L03,Table 7,R5,JHM,13657053.0,unlinked; require matrix identity and original provenance
L03,Table 7,R5,TOCM_MT,13700907.0,unlinked; require matrix identity and original provenance
L03,Table 7,R5,BCE,13657053.0,unlinked; require matrix identity and original provenance
L03,Table 7,R5,SSM,13657053.0,unlinked; require matrix identity and original provenance
L03,Table 7,R5,optimal,13657053.0,unlinked; require matrix identity and original provenance
L03,Table 7,R6,LCM,12352965.0,unlinked; require matrix identity and original provenance
L03,Table 7,R6,VAM,12296587.0,unlinked; require matrix identity and original provenance
L03,Table 7,R6,JHM,12296587.0,unlinked; require matrix identity and original provenance
L03,Table 7,R6,TOCM_MT,12322885.0,unlinked; require matrix identity and original provenance
L03,Table 7,R6,BCE,12296587.0,unlinked; require matrix identity and original provenance
L03,Table 7,R6,SSM,12296587.0,unlinked; require matrix identity and original provenance
L03,Table 7,R6,optimal,12296587.0,unlinked; require matrix identity and original provenance
L03,Table 7,R7,LCM,14274203.0,unlinked; require matrix identity and original provenance
L03,Table 7,R7,VAM,14117586.0,unlinked; require matrix identity and original provenance
L03,Table 7,R7,JHM,14117586.0,unlinked; require matrix identity and original provenance
L03,Table 7,R7,TOCM_MT,14166940.0,unlinked; require matrix identity and original provenance
L03,Table 7,R7,BCE,14117586.0,unlinked; require matrix identity and original provenance
L03,Table 7,R7,SSM,14117586.0,unlinked; require matrix identity and original provenance
L03,Table 7,R7,optimal,14117586.0,unlinked; require matrix identity and original provenance
L03,Table 7,R8,LCM,14177901.0,unlinked; require matrix identity and original provenance
L03,Table 7,R8,VAM,14017419.0,unlinked; require matrix identity and original provenance
L03,Table 7,R8,JHM,14017419.0,unlinked; require matrix identity and original provenance
L03,Table 7,R8,TOCM_MT,14074887.0,unlinked; require matrix identity and original provenance
L03,Table 7,R8,BCE,14017419.0,unlinked; require matrix identity and original provenance
L03,Table 7,R8,SSM,14017419.0,unlinked; require matrix identity and original provenance
L03,Table 7,R8,optimal,14017419.0,unlinked; require matrix identity and original provenance
L03,Table 7,R9,LCM,13872223.0,unlinked; require matrix identity and original provenance
L03,Table 7,R9,VAM,13715927.0,unlinked; require matrix identity and original provenance
L03,Table 7,R9,JHM,13715927.0,unlinked; require matrix identity and original provenance
L03,Table 7,R9,TOCM_MT,13770792.0,unlinked; require matrix identity and original provenance
L03,Table 7,R9,BCE,13715927.0,unlinked; require matrix identity and original provenance
L03,Table 7,R9,SSM,13715927.0,unlinked; require matrix identity and original provenance
L03,Table 7,R9,optimal,13715927.0,unlinked; require matrix identity and original provenance
L03,Table 7,R10,LCM,13849487.0,unlinked; require matrix identity and original provenance
L03,Table 7,R10,VAM,13691814.0,unlinked; require matrix identity and original provenance
L03,Table 7,R10,JHM,13691814.0,unlinked; require matrix identity and original provenance
L03,Table 7,R10,TOCM_MT,13747189.0,unlinked; require matrix identity and original provenance
L03,Table 7,R10,BCE,13691814.0,unlinked; require matrix identity and original provenance
L03,Table 7,R10,SSM,13691814.0,unlinked; require matrix identity and original provenance
L03,Table 7,R10,optimal,13691814.0,unlinked; require matrix identity and original provenance
E13,Table 1,N01,VAM,5600.0,unlinked; require matrix identity and original provenance
E13,Table 1,N01,JHM,5600.0,unlinked; require matrix identity and original provenance
E13,Table 1,N01,TOCM_MT,5600.0,unlinked; require matrix identity and original provenance
E13,Table 1,N01,BCE,5600.0,unlinked; require matrix identity and original provenance
E13,Table 1,N01,SSM,5600.0,unlinked; require matrix identity and original provenance
E13,Table 1,N01,CSM,5600.0,unlinked; require matrix identity and original provenance
E13,Table 1,N01,optimal,5600.0,unlinked; require matrix identity and original provenance
E13,Table 1,N02,VAM,28.0,unlinked; require matrix identity and original provenance
E13,Table 1,N02,JHM,28.0,unlinked; require matrix identity and original provenance
E13,Table 1,N02,TOCM_MT,28.0,unlinked; require matrix identity and original provenance
E13,Table 1,N02,BCE,28.0,unlinked; require matrix identity and original provenance
E13,Table 1,N02,SSM,28.0,unlinked; require matrix identity and original provenance
E13,Table 1,N02,CSM,28.0,unlinked; require matrix identity and original provenance
E13,Table 1,N02,optimal,28.0,unlinked; require matrix identity and original provenance
E13,Table 1,N03,VAM,1104.0,unlinked; require matrix identity and original provenance
E13,Table 1,N03,JHM,1128.0,unlinked; require matrix identity and original provenance
E13,Table 1,N03,TOCM_MT,1127.0,unlinked; require matrix identity and original provenance
E13,Table 1,N03,BCE,1137.0,unlinked; require matrix identity and original provenance
E13,Table 1,N03,SSM,1134.0,unlinked; require matrix identity and original provenance
E13,Table 1,N03,CSM,1134.0,unlinked; require matrix identity and original provenance
E13,Table 1,N03,optimal,1102.0,unlinked; require matrix identity and original provenance
E13,Table 1,N04,VAM,1580.0,unlinked; require matrix identity and original provenance
E13,Table 1,N04,JHM,1580.0,unlinked; require matrix identity and original provenance
E13,Table 1,N04,TOCM_MT,1580.0,unlinked; require matrix identity and original provenance
E13,Table 1,N04,BCE,1580.0,unlinked; require matrix identity and original provenance
E13,Table 1,N04,SSM,1625.0,unlinked; require matrix identity and original provenance
E13,Table 1,N04,CSM,1580.0,unlinked; require matrix identity and original provenance
E13,Table 1,N04,optimal,1580.0,unlinked; require matrix identity and original provenance
E13,Table 1,N05,VAM,470.0,unlinked; require matrix identity and original provenance
E13,Table 1,N05,JHM,420.0,unlinked; require matrix identity and original provenance
E13,Table 1,N05,TOCM_MT,435.0,unlinked; require matrix identity and original provenance
E13,Table 1,N05,BCE,410.0,unlinked; require matrix identity and original provenance
E13,Table 1,N05,SSM,430.0,unlinked; require matrix identity and original provenance
E13,Table 1,N05,CSM,430.0,unlinked; require matrix identity and original provenance
E13,Table 1,N05,optimal,410.0,unlinked; require matrix identity and original provenance
E13,Table 1,N06,VAM,8350.0,unlinked; require matrix identity and original provenance
E13,Table 1,N06,JHM,7750.0,unlinked; require matrix identity and original provenance
E13,Table 1,N06,TOCM_MT,7750.0,unlinked; require matrix identity and original provenance
E13,Table 1,N06,BCE,8350.0,unlinked; require matrix identity and original provenance
E13,Table 1,N06,SSM,7750.0,unlinked; require matrix identity and original provenance
E13,Table 1,N06,CSM,7750.0,unlinked; require matrix identity and original provenance
E13,Table 1,N06,optimal,7750.0,unlinked; require matrix identity and original provenance
E13,Table 1,N07,VAM,1220.0,unlinked; require matrix identity and original provenance
E13,Table 1,N07,JHM,1170.0,unlinked; require matrix identity and original provenance
E13,Table 1,N07,TOCM_MT,1160.0,unlinked; require matrix identity and original provenance
E13,Table 1,N07,BCE,1170.0,unlinked; require matrix identity and original provenance
E13,Table 1,N07,SSM,1165.0,unlinked; require matrix identity and original provenance
E13,Table 1,N07,CSM,1160.0,unlinked; require matrix identity and original provenance
E13,Table 1,N07,optimal,1160.0,unlinked; require matrix identity and original provenance
E13,Table 1,N09,VAM,114.0,unlinked; require matrix identity and original provenance
E13,Table 1,N09,JHM,114.0,unlinked; require matrix identity and original provenance
E13,Table 1,N09,TOCM_MT,111.0,unlinked; require matrix identity and original provenance
E13,Table 1,N09,BCE,111.0,unlinked; require matrix identity and original provenance
E13,Table 1,N09,SSM,111.0,unlinked; require matrix identity and original provenance
E13,Table 1,N09,CSM,111.0,unlinked; require matrix identity and original provenance
E13,Table 1,N09,optimal,111.0,unlinked; require matrix identity and original provenance
E13,Table 1,N10,VAM,990.0,unlinked; require matrix identity and original provenance
E13,Table 1,N10,JHM,960.0,unlinked; require matrix identity and original provenance
E13,Table 1,N10,TOCM_MT,910.0,unlinked; require matrix identity and original provenance
E13,Table 1,N10,BCE,910.0,unlinked; require matrix identity and original provenance
E13,Table 1,N10,SSM,960.0,unlinked; require matrix identity and original provenance
E13,Table 1,N10,CSM,910.0,unlinked; require matrix identity and original provenance
E13,Table 1,N10,optimal,910.0,unlinked; require matrix identity and original provenance
E13,Table 1,N11,VAM,2980.0,unlinked; require matrix identity and original provenance
E13,Table 1,N11,JHM,2500.0,unlinked; require matrix identity and original provenance
E13,Table 1,N11,TOCM_MT,2500.0,unlinked; require matrix identity and original provenance
E13,Table 1,N11,BCE,2460.0,unlinked; require matrix identity and original provenance
E13,Table 1,N11,SSM,2500.0,unlinked; require matrix identity and original provenance
E13,Table 1,N11,CSM,2460.0,unlinked; require matrix identity and original provenance
E13,Table 1,N11,optimal,2460.0,unlinked; require matrix identity and original provenance
E13,Table 1,N12,VAM,425.0,unlinked; require matrix identity and original provenance
E13,Table 1,N12,JHM,439.0,unlinked; require matrix identity and original provenance
E13,Table 1,N12,TOCM_MT,439.0,unlinked; require matrix identity and original provenance
E13,Table 1,N12,BCE,439.0,unlinked; require matrix identity and original provenance
E13,Table 1,N12,SSM,425.0,unlinked; require matrix identity and original provenance
E13,Table 1,N12,CSM,439.0,unlinked; require matrix identity and original provenance
E13,Table 1,N12,optimal,425.0,unlinked; require matrix identity and original provenance
E13,Table 1,N13,VAM,5125.0,unlinked; require matrix identity and original provenance
E13,Table 1,N13,JHM,4525.0,unlinked; require matrix identity and original provenance
E13,Table 1,N13,TOCM_MT,5225.0,unlinked; require matrix identity and original provenance
E13,Table 1,N13,BCE,4525.0,unlinked; require matrix identity and original provenance
E13,Table 1,N13,SSM,4525.0,unlinked; require matrix identity and original provenance
E13,Table 1,N13,CSM,4525.0,unlinked; require matrix identity and original provenance
E13,Table 1,N13,optimal,4525.0,unlinked; require matrix identity and original provenance
E13,Table 1,N14,VAM,960.0,unlinked; require matrix identity and original provenance
E13,Table 1,N14,JHM,920.0,unlinked; require matrix identity and original provenance
E13,Table 1,N14,TOCM_MT,930.0,unlinked; require matrix identity and original provenance
E13,Table 1,N14,BCE,920.0,unlinked; require matrix identity and original provenance
E13,Table 1,N14,SSM,920.0,unlinked; require matrix identity and original provenance
E13,Table 1,N14,CSM,920.0,unlinked; require matrix identity and original provenance
E13,Table 1,N14,optimal,920.0,unlinked; require matrix identity and original provenance
E13,Table 1,N15,VAM,156.0,unlinked; require matrix identity and original provenance
E13,Table 1,N15,JHM,156.0,unlinked; require matrix identity and original provenance
E13,Table 1,N15,TOCM_MT,156.0,unlinked; require matrix identity and original provenance
E13,Table 1,N15,BCE,156.0,unlinked; require matrix identity and original provenance
E13,Table 1,N15,SSM,156.0,unlinked; require matrix identity and original provenance
E13,Table 1,N15,CSM,156.0,unlinked; require matrix identity and original provenance
E13,Table 1,N15,optimal,156.0,unlinked; require matrix identity and original provenance
E13,Table 1,N16,VAM,1590.0,unlinked; require matrix identity and original provenance
E13,Table 1,N16,JHM,1530.0,unlinked; require matrix identity and original provenance
E13,Table 1,N16,TOCM_MT,1530.0,unlinked; require matrix identity and original provenance
E13,Table 1,N16,BCE,1530.0,unlinked; require matrix identity and original provenance
E13,Table 1,N16,SSM,1510.0,unlinked; require matrix identity and original provenance
E13,Table 1,N16,CSM,1510.0,unlinked; require matrix identity and original provenance
E13,Table 1,N16,optimal,1510.0,unlinked; require matrix identity and original provenance
E13,Table 1,N17,VAM,779.0,unlinked; require matrix identity and original provenance
E13,Table 1,N17,JHM,743.0,unlinked; require matrix identity and original provenance
E13,Table 1,N17,TOCM_MT,743.0,unlinked; require matrix identity and original provenance
E13,Table 1,N17,BCE,743.0,unlinked; require matrix identity and original provenance
E13,Table 1,N17,SSM,743.0,unlinked; require matrix identity and original provenance
E13,Table 1,N17,CSM,779.0,unlinked; require matrix identity and original provenance
E13,Table 1,N17,optimal,743.0,unlinked; require matrix identity and original provenance
E13,Table 1,N18,VAM,1745.0,unlinked; require matrix identity and original provenance
E13,Table 1,N18,JHM,1650.0,unlinked; require matrix identity and original provenance
E13,Table 1,N18,TOCM_MT,1650.0,unlinked; require matrix identity and original provenance
E13,Table 1,N18,BCE,1695.0,unlinked; require matrix identity and original provenance
E13,Table 1,N18,SSM,1650.0,unlinked; require matrix identity and original provenance
E13,Table 1,N18,CSM,1650.0,unlinked; require matrix identity and original provenance
E13,Table 1,N18,optimal,1650.0,unlinked; require matrix identity and original provenance
E13,Table 1,N21,VAM,4205.0,unlinked; require matrix identity and original provenance
E13,Table 1,N21,JHM,4429.0,unlinked; require matrix identity and original provenance
E13,Table 1,N21,TOCM_MT,4205.0,unlinked; require matrix identity and original provenance
E13,Table 1,N21,BCE,4429.0,unlinked; require matrix identity and original provenance
E13,Table 1,N21,SSM,4205.0,unlinked; require matrix identity and original provenance
E13,Table 1,N21,CSM,4429.0,unlinked; require matrix identity and original provenance
E13,Table 1,N21,optimal,4205.0,unlinked; require matrix identity and original provenance
E13,Table 1,N22,VAM,12075.0,unlinked; require matrix identity and original provenance
E13,Table 1,N22,JHM,12075.0,unlinked; require matrix identity and original provenance
E13,Table 1,N22,TOCM_MT,12200.0,unlinked; require matrix identity and original provenance
E13,Table 1,N22,BCE,12700.0,unlinked; require matrix identity and original provenance
E13,Table 1,N22,SSM,12075.0,unlinked; require matrix identity and original provenance
E13,Table 1,N22,CSM,12075.0,unlinked; require matrix identity and original provenance
E13,Table 1,N22,optimal,12075.0,unlinked; require matrix identity and original provenance
E13,Table 1,N23,VAM,23.0,unlinked; require matrix identity and original provenance
E13,Table 1,N23,JHM,23.0,unlinked; require matrix identity and original provenance
E13,Table 1,N23,TOCM_MT,23.0,unlinked; require matrix identity and original provenance
E13,Table 1,N23,BCE,23.0,unlinked; require matrix identity and original provenance
E13,Table 1,N23,SSM,23.0,unlinked; require matrix identity and original provenance
E13,Table 1,N23,CSM,23.0,unlinked; require matrix identity and original provenance
E13,Table 1,N23,optimal,23.0,unlinked; require matrix identity and original provenance
E13,Table 1,N24,VAM,3520.0,unlinked; require matrix identity and original provenance
E13,Table 1,N24,JHM,3460.0,unlinked; require matrix identity and original provenance
E13,Table 1,N24,TOCM_MT,3460.0,unlinked; require matrix identity and original provenance
E13,Table 1,N24,BCE,3460.0,unlinked; require matrix identity and original provenance
E13,Table 1,N24,SSM,3460.0,unlinked; require matrix identity and original provenance
E13,Table 1,N24,CSM,3460.0,unlinked; require matrix identity and original provenance
E13,Table 1,N24,optimal,3460.0,unlinked; require matrix identity and original provenance
E13,Table 1,N25,VAM,849.0,unlinked; require matrix identity and original provenance
E13,Table 1,N25,JHM,809.0,unlinked; require matrix identity and original provenance
E13,Table 1,N25,TOCM_MT,809.0,unlinked; require matrix identity and original provenance
E13,Table 1,N25,BCE,809.0,unlinked; require matrix identity and original provenance
E13,Table 1,N25,SSM,809.0,unlinked; require matrix identity and original provenance
E13,Table 1,N25,CSM,849.0,unlinked; require matrix identity and original provenance
E13,Table 1,N25,optimal,809.0,unlinked; require matrix identity and original provenance
E13,Table 1,N26,VAM,490.0,unlinked; require matrix identity and original provenance
E13,Table 1,N26,JHM,490.0,unlinked; require matrix identity and original provenance
E13,Table 1,N26,TOCM_MT,508.0,unlinked; require matrix identity and original provenance
E13,Table 1,N26,BCE,490.0,unlinked; require matrix identity and original provenance
E13,Table 1,N26,SSM,490.0,unlinked; require matrix identity and original provenance
E13,Table 1,N26,CSM,490.0,unlinked; require matrix identity and original provenance
E13,Table 1,N26,optimal,490.0,unlinked; require matrix identity and original provenance
E13,Table 1,N27,VAM,68804.0,unlinked; require matrix identity and original provenance
E13,Table 1,N27,JHM,64499.0,unlinked; require matrix identity and original provenance
E13,Table 1,N27,TOCM_MT,59356.0,unlinked; require matrix identity and original provenance
E13,Table 1,N27,BCE,64499.0,unlinked; require matrix identity and original provenance
E13,Table 1,N27,SSM,59356.0,unlinked; require matrix identity and original provenance
E13,Table 1,N27,CSM,59356.0,unlinked; require matrix identity and original provenance
E13,Table 1,N27,optimal,59356.0,unlinked; require matrix identity and original provenance
E13,Table 1,N28,VAM,2690.0,unlinked; require matrix identity and original provenance
E13,Table 1,N28,JHM,2090.0,unlinked; require matrix identity and original provenance
E13,Table 1,N28,TOCM_MT,2090.0,unlinked; require matrix identity and original provenance
E13,Table 1,N28,BCE,2090.0,unlinked; require matrix identity and original provenance
E13,Table 1,N28,SSM,2090.0,unlinked; require matrix identity and original provenance
E13,Table 1,N28,CSM,2090.0,unlinked; require matrix identity and original provenance
E13,Table 1,N28,optimal,2090.0,unlinked; require matrix identity and original provenance
E13,Table 1,N29,VAM,3857.0,unlinked; require matrix identity and original provenance
E13,Table 1,N29,JHM,3857.0,unlinked; require matrix identity and original provenance
E13,Table 1,N29,TOCM_MT,3857.0,unlinked; require matrix identity and original provenance
E13,Table 1,N29,BCE,3857.0,unlinked; require matrix identity and original provenance
E13,Table 1,N29,SSM,3857.0,unlinked; require matrix identity and original provenance
E13,Table 1,N29,CSM,3857.0,unlinked; require matrix identity and original provenance
E13,Table 1,N29,optimal,3857.0,unlinked; require matrix identity and original provenance
E13,Table 1,N30,VAM,473.0,unlinked; require matrix identity and original provenance
E13,Table 1,N30,JHM,475.0,unlinked; require matrix identity and original provenance
E13,Table 1,N30,TOCM_MT,475.0,unlinked; require matrix identity and original provenance
E13,Table 1,N30,BCE,475.0,unlinked; require matrix identity and original provenance
E13,Table 1,N30,SSM,465.0,unlinked; require matrix identity and original provenance
E13,Table 1,N30,CSM,475.0,unlinked; require matrix identity and original provenance
E13,Table 1,N30,optimal,465.0,unlinked; require matrix identity and original provenance
E13,Table 1,N31,VAM,1480.0,unlinked; require matrix identity and original provenance
E13,Table 1,N31,JHM,1480.0,unlinked; require matrix identity and original provenance
E13,Table 1,N31,TOCM_MT,1480.0,unlinked; require matrix identity and original provenance
E13,Table 1,N31,BCE,1480.0,unlinked; require matrix identity and original provenance
E13,Table 1,N31,SSM,1480.0,unlinked; require matrix identity and original provenance
E13,Table 1,N31,CSM,1480.0,unlinked; require matrix identity and original provenance
E13,Table 1,N31,optimal,1480.0,unlinked; require matrix identity and original provenance
E13,Table 1,N32,VAM,1780.0,unlinked; require matrix identity and original provenance
E13,Table 1,N32,JHM,1780.0,unlinked; require matrix identity and original provenance
E13,Table 1,N32,TOCM_MT,1780.0,unlinked; require matrix identity and original provenance
E13,Table 1,N32,BCE,1780.0,unlinked; require matrix identity and original provenance
E13,Table 1,N32,SSM,1820.0,unlinked; require matrix identity and original provenance
E13,Table 1,N32,CSM,1780.0,unlinked; require matrix identity and original provenance
E13,Table 1,N32,optimal,1780.0,unlinked; require matrix identity and original provenance
E13,Table 1,N33,VAM,1430.0,unlinked; require matrix identity and original provenance
E13,Table 1,N33,JHM,1310.0,unlinked; require matrix identity and original provenance
E13,Table 1,N33,TOCM_MT,1250.0,unlinked; require matrix identity and original provenance
E13,Table 1,N33,BCE,1310.0,unlinked; require matrix identity and original provenance
E13,Table 1,N33,SSM,1310.0,unlinked; require matrix identity and original provenance
E13,Table 1,N33,CSM,1310.0,unlinked; require matrix identity and original provenance
E13,Table 1,N33,optimal,1250.0,unlinked; require matrix identity and original provenance
E13,Table 1,N34,VAM,510.0,unlinked; require matrix identity and original provenance
E13,Table 1,N34,JHM,510.0,unlinked; require matrix identity and original provenance
E13,Table 1,N34,TOCM_MT,510.0,unlinked; require matrix identity and original provenance
E13,Table 1,N34,BCE,510.0,unlinked; require matrix identity and original provenance
E13,Table 1,N34,SSM,510.0,unlinked; require matrix identity and original provenance
E13,Table 1,N34,CSM,510.0,unlinked; require matrix identity and original provenance
E13,Table 1,N34,optimal,510.0,unlinked; require matrix identity and original provenance
E13,Table 1,N35,VAM,320.0,unlinked; require matrix identity and original provenance
E13,Table 1,N35,JHM,280.0,unlinked; require matrix identity and original provenance
E13,Table 1,N35,TOCM_MT,280.0,unlinked; require matrix identity and original provenance
E13,Table 1,N35,BCE,280.0,unlinked; require matrix identity and original provenance
E13,Table 1,N35,SSM,280.0,unlinked; require matrix identity and original provenance
E13,Table 1,N35,CSM,280.0,unlinked; require matrix identity and original provenance
E13,Table 1,N35,optimal,280.0,unlinked; require matrix identity and original provenance
E13,Table 1,S1,VAM,18855.0,unlinked; require matrix identity and original provenance
E13,Table 1,S1,JHM,20925.0,unlinked; require matrix identity and original provenance
E13,Table 1,S1,TOCM_MT,18855.0,unlinked; require matrix identity and original provenance
E13,Table 1,S1,BCE,19035.0,unlinked; require matrix identity and original provenance
E13,Table 1,S1,SSM,20925.0,unlinked; require matrix identity and original provenance
E13,Table 1,S1,CSM,18855.0,unlinked; require matrix identity and original provenance
E13,Table 1,S1,optimal,18855.0,unlinked; require matrix identity and original provenance
E13,Table 1,S2,VAM,153500.0,unlinked; require matrix identity and original provenance
E13,Table 1,S2,JHM,176500.0,unlinked; require matrix identity and original provenance
E13,Table 1,S2,TOCM_MT,153500.0,unlinked; require matrix identity and original provenance
E13,Table 1,S2,BCE,153500.0,unlinked; require matrix identity and original provenance
E13,Table 1,S2,SSM,181500.0,unlinked; require matrix identity and original provenance
E13,Table 1,S2,CSM,153500.0,unlinked; require matrix identity and original provenance
E13,Table 1,S2,optimal,153500.0,unlinked; require matrix identity and original provenance
E13,Table 1,S3,VAM,1044180.0,unlinked; require matrix identity and original provenance
E13,Table 1,S3,JHM,1044180.0,unlinked; require matrix identity and original provenance
E13,Table 1,S3,TOCM_MT,1044180.0,unlinked; require matrix identity and original provenance
E13,Table 1,S3,BCE,1044180.0,unlinked; require matrix identity and original provenance
E13,Table 1,S3,SSM,1044180.0,unlinked; require matrix identity and original provenance
E13,Table 1,S3,CSM,1044180.0,unlinked; require matrix identity and original provenance
E13,Table 1,S3,optimal,1044180.0,unlinked; require matrix identity and original provenance
E13,Table 1,S4,VAM,93351.0,unlinked; require matrix identity and original provenance
E13,Table 1,S4,JHM,95301.0,unlinked; require matrix identity and original provenance
E13,Table 1,S4,TOCM_MT,92431.0,unlinked; require matrix identity and original provenance
E13,Table 1,S4,BCE,94264.0,unlinked; require matrix identity and original provenance
E13,Table 1,S4,SSM,95301.0,unlinked; require matrix identity and original provenance
E13,Table 1,S4,CSM,95440.0,unlinked; require matrix identity and original provenance
E13,Table 1,S4,optimal,92212.0,unlinked; require matrix identity and original provenance
E13,Table 1,S5,VAM,116020.0,unlinked; require matrix identity and original provenance
E13,Table 1,S5,JHM,116020.0,unlinked; require matrix identity and original provenance
E13,Table 1,S5,TOCM_MT,116020.0,unlinked; require matrix identity and original provenance
E13,Table 1,S5,BCE,116020.0,unlinked; require matrix identity and original provenance
E13,Table 1,S5,SSM,116020.0,unlinked; require matrix identity and original provenance
E13,Table 1,S5,CSM,116020.0,unlinked; require matrix identity and original provenance
E13,Table 1,S5,optimal,116020.0,unlinked; require matrix identity and original provenance
E13,Table 1,Real1,VAM,12928429.0,unlinked; require matrix identity and original provenance
E13,Table 1,Real1,JHM,12928429.0,unlinked; require matrix identity and original provenance
E13,Table 1,Real1,TOCM_MT,12965785.0,unlinked; require matrix identity and original provenance
E13,Table 1,Real1,BCE,12928429.0,unlinked; require matrix identity and original provenance
E13,Table 1,Real1,SSM,12928429.0,unlinked; require matrix identity and original provenance
E13,Table 1,Real1,CSM,12928429.0,unlinked; require matrix identity and original provenance
E13,Table 1,Real1,optimal,12928429.0,unlinked; require matrix identity and original provenance
E13,Table 1,Real2,VAM,13657053.0,unlinked; require matrix identity and original provenance
E13,Table 1,Real2,JHM,13657053.0,unlinked; require matrix identity and original provenance
E13,Table 1,Real2,TOCM_MT,13700907.0,unlinked; require matrix identity and original provenance
E13,Table 1,Real2,BCE,13657053.0,unlinked; require matrix identity and original provenance
E13,Table 1,Real2,SSM,13657053.0,unlinked; require matrix identity and original provenance
E13,Table 1,Real2,CSM,13657053.0,unlinked; require matrix identity and original provenance
E13,Table 1,Real2,optimal,13657053.0,unlinked; require matrix identity and original provenance
E13,Table 1,Real3,VAM,12296587.0,unlinked; require matrix identity and original provenance
E13,Table 1,Real3,JHM,12296587.0,unlinked; require matrix identity and original provenance
E13,Table 1,Real3,TOCM_MT,12322885.0,unlinked; require matrix identity and original provenance
E13,Table 1,Real3,BCE,12296587.0,unlinked; require matrix identity and original provenance
E13,Table 1,Real3,SSM,12296587.0,unlinked; require matrix identity and original provenance
E13,Table 1,Real3,CSM,12296587.0,unlinked; require matrix identity and original provenance
E13,Table 1,Real3,optimal,12296587.0,unlinked; require matrix identity and original provenance
E13,Table 1,Real4,VAM,14117586.0,unlinked; require matrix identity and original provenance
E13,Table 1,Real4,JHM,14117586.0,unlinked; require matrix identity and original provenance
E13,Table 1,Real4,TOCM_MT,14166940.0,unlinked; require matrix identity and original provenance
E13,Table 1,Real4,BCE,14117586.0,unlinked; require matrix identity and original provenance
E13,Table 1,Real4,SSM,14117586.0,unlinked; require matrix identity and original provenance
E13,Table 1,Real4,CSM,14117586.0,unlinked; require matrix identity and original provenance
E13,Table 1,Real4,optimal,14117586.0,unlinked; require matrix identity and original provenance
E13,Table 1,Real5,VAM,14017419.0,unlinked; require matrix identity and original provenance
E13,Table 1,Real5,JHM,14017419.0,unlinked; require matrix identity and original provenance
E13,Table 1,Real5,TOCM_MT,14074887.0,unlinked; require matrix identity and original provenance
E13,Table 1,Real5,BCE,14017419.0,unlinked; require matrix identity and original provenance
E13,Table 1,Real5,SSM,14017419.0,unlinked; require matrix identity and original provenance
E13,Table 1,Real5,CSM,14017419.0,unlinked; require matrix identity and original provenance
E13,Table 1,Real5,optimal,14017419.0,unlinked; require matrix identity and original provenance
