problem,size,method,median_seconds
R3_uniform_00,3,VAM,0.0002027000009547919
R3_uniform_00,3,THP,0.00021769999875687063
R3_uniform_00,3,MRM,9.640000098443124e-05
R3_uniform_00,3,VAM_top2_rollout,0.0006863999988127034
R3_uniform_00,3,THP_top2_rollout,0.0007283999984792899
R3_uniform_00,3,MRM_orientation_ensemble,0.00026959999922837596
R3_uniform_00,3,VAM_top2_first_only,0.00033179999991261866
R3_uniform_01,3,VAM,0.00023089999922376592
R3_uniform_01,3,THP,0.0001971000001503853
R3_uniform_01,3,MRM,0.0001002000008156756
R3_uniform_01,3,VAM_top2_rollout,0.0007835999986127717
R3_uniform_01,3,THP_top2_rollout,0.0006747000006726012
R3_uniform_01,3,MRM_orientation_ensemble,0.00029910000012023374
R3_uniform_01,3,VAM_top2_first_only,0.0007932999997137813
R3_ties_00,3,VAM,0.00018660000023373868
R3_ties_00,3,THP,0.00019499999871186446
R3_ties_00,3,MRM,9.280000085709617e-05
R3_ties_00,3,VAM_top2_rollout,0.0006491000003734371
R3_ties_00,3,THP_top2_rollout,0.0007040000000415603
R3_ties_00,3,MRM_orientation_ensemble,0.0002963999995699851
R3_ties_00,3,VAM_top2_first_only,0.0002860999993572477
R3_ties_01,3,VAM,0.000182699999641045
R3_ties_01,3,THP,0.00019969999993918464
R3_ties_01,3,MRM,9.040000077220611e-05
R3_ties_01,3,VAM_top2_rollout,0.0006558000004588393
R3_ties_01,3,THP_top2_rollout,0.0006587999996554572
R3_ties_01,3,MRM_orientation_ensemble,0.0002578999992692843
R3_ties_01,3,VAM_top2_first_only,0.0003223000003345078
R3_skewed_00,3,VAM,0.00030900000092515256
R3_skewed_00,3,THP,0.00022600000011152588
R3_skewed_00,3,MRM,8.97999998414889e-05
R3_skewed_00,3,VAM_top2_rollout,0.000681399998939014
R3_skewed_00,3,THP_top2_rollout,0.0007908000006864313
R3_skewed_00,3,MRM_orientation_ensemble,0.0002814999988913769
R3_skewed_00,3,VAM_top2_first_only,0.0003013000005012145
R3_skewed_01,3,VAM,0.00018280000040249433
R3_skewed_01,3,THP,0.00019559999964258168
R3_skewed_01,3,MRM,9.26000011531869e-05
R3_skewed_01,3,VAM_top2_rollout,0.0007741999997961102
R3_skewed_01,3,THP_top2_rollout,0.0009365000005345792
R3_skewed_01,3,MRM_orientation_ensemble,0.0002674000006663846
R3_skewed_01,3,VAM_top2_first_only,0.0004967000004398869
R4_uniform_00,4,VAM,0.00032619999910821207
R4_uniform_00,4,THP,0.00029349999931582715
R4_uniform_00,4,MRM,0.00013159999980416615
R4_uniform_00,4,VAM_top2_rollout,0.0026037999996333383
R4_uniform_00,4,THP_top2_rollout,0.0011812000011559576
R4_uniform_00,4,MRM_orientation_ensemble,0.0003479000006336719
R4_uniform_00,4,VAM_top2_first_only,0.0005359000006137649
R4_uniform_01,4,VAM,0.000278499999694759
R4_uniform_01,4,THP,0.0002973000009660609
R4_uniform_01,4,MRM,0.00011970000014116522
R4_uniform_01,4,VAM_top2_rollout,0.0020438999999896623
R4_uniform_01,4,THP_top2_rollout,0.0018560999997134786
R4_uniform_01,4,MRM_orientation_ensemble,0.0003526999989844626
R4_uniform_01,4,VAM_top2_first_only,0.0005149999997229315
R4_ties_00,4,VAM,0.0005507000005309237
R4_ties_00,4,THP,0.000305800000205636
R4_ties_00,4,MRM,0.00012179999976069666
R4_ties_00,4,VAM_top2_rollout,0.0022511000006488757
R4_ties_00,4,THP_top2_rollout,0.001498199999332428
R4_ties_00,4,MRM_orientation_ensemble,0.00035010000101465266
R4_ties_00,4,VAM_top2_first_only,0.0006262000006245216
R4_ties_01,4,VAM,0.00033149999944726005
R4_ties_01,4,THP,0.00030929999957152177
R4_ties_01,4,MRM,0.0001357000001007691
R4_ties_01,4,VAM_top2_rollout,0.0016915000014705583
R4_ties_01,4,THP_top2_rollout,0.0019855999998981133
R4_ties_01,4,MRM_orientation_ensemble,0.0003407000003790017
R4_ties_01,4,VAM_top2_first_only,0.00048240000069199596
R4_skewed_00,4,VAM,0.00028419999944162555
R4_skewed_00,4,THP,0.0003178000006300863
R4_skewed_00,4,MRM,0.00012150000111432746
R4_skewed_00,4,VAM_top2_rollout,0.001335799999651499
R4_skewed_00,4,THP_top2_rollout,0.0019215000011172378
R4_skewed_00,4,MRM_orientation_ensemble,0.0003423999987717252
R4_skewed_00,4,VAM_top2_first_only,0.0007203000004665228
R4_skewed_01,4,VAM,0.0005132999995112186
R4_skewed_01,4,THP,0.00029370000083872583
R4_skewed_01,4,MRM,0.00012140000035287812
R4_skewed_01,4,VAM_top2_rollout,0.001715100001092651
R4_skewed_01,4,THP_top2_rollout,0.0018373000002611661
R4_skewed_01,4,MRM_orientation_ensemble,0.0003295999995316379
R4_skewed_01,4,VAM_top2_first_only,0.0004580000004352769
R5_uniform_00,5,VAM,0.0003920999988622498
R5_uniform_00,5,THP,0.0005212000014580553
R5_uniform_00,5,MRM,0.0002085999985865783
R5_uniform_00,5,VAM_top2_rollout,0.003494999999020365
R5_uniform_00,5,THP_top2_rollout,0.003557200001523597
R5_uniform_00,5,MRM_orientation_ensemble,0.00043569999979808927
R5_uniform_00,5,VAM_top2_first_only,0.0007750000004307367
R5_uniform_01,5,VAM,0.00040300000000570435
R5_uniform_01,5,THP,0.000503999999637017
R5_uniform_01,5,MRM,0.00015689999963797163
R5_uniform_01,5,VAM_top2_rollout,0.003121600000667968
R5_uniform_01,5,THP_top2_rollout,0.0022521999999298714
R5_uniform_01,5,MRM_orientation_ensemble,0.00043000000005122274
R5_uniform_01,5,VAM_top2_first_only,0.0006473999983427348
R5_ties_00,5,VAM,0.0003848999986075796
R5_ties_00,5,THP,0.00045200000022305176
R5_ties_00,5,MRM,0.0001661000005697133
R5_ties_00,5,VAM_top2_rollout,0.0031945999999152264
R5_ties_00,5,THP_top2_rollout,0.0034856000002037035
R5_ties_00,5,MRM_orientation_ensemble,0.00043729999924835283
R5_ties_00,5,VAM_top2_first_only,0.0006686999986413866
R5_ties_01,5,VAM,0.0005142000009072945
R5_ties_01,5,THP,0.0004780999988724943
R5_ties_01,5,MRM,0.00015179999900283292
R5_ties_01,5,VAM_top2_rollout,0.003149199999825214
R5_ties_01,5,THP_top2_rollout,0.003532900000209338
R5_ties_01,5,MRM_orientation_ensemble,0.00044579999848792795
R5_ties_01,5,VAM_top2_first_only,0.0007134000006772112
R5_skewed_00,5,VAM,0.0004380999998829793
R5_skewed_00,5,THP,0.00040350000017497223
R5_skewed_00,5,MRM,0.00016200000027311035
R5_skewed_00,5,VAM_top2_rollout,0.003190100000210805
R5_skewed_00,5,THP_top2_rollout,0.003397700000277837
R5_skewed_00,5,MRM_orientation_ensemble,0.0006537000008393079
R5_skewed_00,5,VAM_top2_first_only,0.0009255000004486647
R5_skewed_01,5,VAM,0.0006188000006659422
R5_skewed_01,5,THP,0.0004079999998793937
R5_skewed_01,5,MRM,0.00015890000031504314
R5_skewed_01,5,VAM_top2_rollout,0.00273639999977604
R5_skewed_01,5,THP_top2_rollout,0.0029221000004326925
R5_skewed_01,5,MRM_orientation_ensemble,0.00043959999857179355
R5_skewed_01,5,VAM_top2_first_only,0.0010196000002906658
R6_uniform_00,6,VAM,0.0006386999993992504
R6_uniform_00,6,THP,0.0007901999997557141
R6_uniform_00,6,MRM,0.00023739999960525893
R6_uniform_00,6,VAM_top2_rollout,0.005363100000977283
R6_uniform_00,6,THP_top2_rollout,0.005302100000335486
R6_uniform_00,6,MRM_orientation_ensemble,0.0006057999999029562
R6_uniform_00,6,VAM_top2_first_only,0.0009518999995634658
R6_uniform_01,6,VAM,0.0007614999994984828
R6_uniform_01,6,THP,0.0007499000003008405
R6_uniform_01,6,MRM,0.0002096999996865634
R6_uniform_01,6,VAM_top2_rollout,0.005185800000617746
R6_uniform_01,6,THP_top2_rollout,0.005744099998992169
R6_uniform_01,6,MRM_orientation_ensemble,0.0009632999990571989
R6_uniform_01,6,VAM_top2_first_only,0.0009478000010858523
R6_ties_00,6,VAM,0.0005332000000635162
R6_ties_00,6,THP,0.0005758000006608199
R6_ties_00,6,MRM,0.0003521999988151947
R6_ties_00,6,VAM_top2_rollout,0.00641390000055253
R6_ties_00,6,THP_top2_rollout,0.005575400000452646
R6_ties_00,6,MRM_orientation_ensemble,0.0012480000004870817
R6_ties_00,6,VAM_top2_first_only,0.0011392999986128416
R6_ties_01,6,VAM,0.0006172999983391492
R6_ties_01,6,THP,0.0005975000003672903
R6_ties_01,6,MRM,0.00021630000082950573
R6_ties_01,6,VAM_top2_rollout,0.006891600000017206
R6_ties_01,6,THP_top2_rollout,0.004719399999885354
R6_ties_01,6,MRM_orientation_ensemble,0.0006432999998651212
R6_ties_01,6,VAM_top2_first_only,0.0011020000001735752
R6_skewed_00,6,VAM,0.00065569999969739
R6_skewed_00,6,THP,0.0006236999997781822
R6_skewed_00,6,MRM,0.00027380000028642826
R6_skewed_00,6,VAM_top2_rollout,0.008240200000727782
R6_skewed_00,6,THP_top2_rollout,0.005819199999677949
R6_skewed_00,6,MRM_orientation_ensemble,0.0013292000003275461
R6_skewed_00,6,VAM_top2_first_only,0.002577299999757088
R6_skewed_01,6,VAM,0.0012890999987575924
R6_skewed_01,6,THP,0.001919399999678717
R6_skewed_01,6,MRM,0.0005361000003176741
R6_skewed_01,6,VAM_top2_rollout,0.005501499999809312
R6_skewed_01,6,THP_top2_rollout,0.005408200000601937
R6_skewed_01,6,MRM_orientation_ensemble,0.0010100999988935655
R6_skewed_01,6,VAM_top2_first_only,0.00319859999945038
R10_uniform_00,10,VAM,0.0025538999998389045
R10_uniform_00,10,THP,0.0017262000001210254
R10_uniform_00,10,MRM,0.0005762000000686385
R10_uniform_00,10,VAM_top2_rollout,0.02777810000043246
R10_uniform_00,10,THP_top2_rollout,0.025343500001326902
R10_uniform_00,10,MRM_orientation_ensemble,0.0018024999990302604
R10_uniform_00,10,VAM_top2_first_only,0.0034054999996442348
R10_uniform_01,10,VAM,0.001631499999348307
R10_uniform_01,10,THP,0.0020927999994455604
R10_uniform_01,10,MRM,0.0007043999994493788
R10_uniform_01,10,VAM_top2_rollout,0.022995900000751135
R10_uniform_01,10,THP_top2_rollout,0.02636989999882644
R10_uniform_01,10,MRM_orientation_ensemble,0.00220900000022084
R10_uniform_01,10,VAM_top2_first_only,0.0028074999991076766
R10_ties_00,10,VAM,0.0021227999986876966
R10_ties_00,10,THP,0.001965800000107265
R10_ties_00,10,MRM,0.0005585999988397816
R10_ties_00,10,VAM_top2_rollout,0.027986900000541937
R10_ties_00,10,THP_top2_rollout,0.02547199999935401
R10_ties_00,10,MRM_orientation_ensemble,0.002844599999662023
R10_ties_00,10,VAM_top2_first_only,0.003718099998877733
R10_ties_01,10,VAM,0.0023467999999411404
R10_ties_01,10,THP,0.001711099999738508
R10_ties_01,10,MRM,0.0008195000009436626
R10_ties_01,10,VAM_top2_rollout,0.02897830000074464
R10_ties_01,10,THP_top2_rollout,0.04551290000017616
R10_ties_01,10,MRM_orientation_ensemble,0.0033535999991727294
R10_ties_01,10,VAM_top2_first_only,0.005671700000675628
R10_skewed_00,10,VAM,0.003904899998815381
R10_skewed_00,10,THP,0.004722900001070229
R10_skewed_00,10,MRM,0.0006976000004215166
R10_skewed_00,10,VAM_top2_rollout,0.028529799999887473
R10_skewed_00,10,THP_top2_rollout,0.029276600000230246
R10_skewed_00,10,MRM_orientation_ensemble,0.0032326000000466593
R10_skewed_00,10,VAM_top2_first_only,0.004589000000123633
R10_skewed_01,10,VAM,0.002087199998641154
R10_skewed_01,10,THP,0.002675499999895692
R10_skewed_01,10,MRM,0.0008541999995941296
R10_skewed_01,10,VAM_top2_rollout,0.02582559999973455
R10_skewed_01,10,THP_top2_rollout,0.02686610000091605
R10_skewed_01,10,MRM_orientation_ensemble,0.0022546000000147615
R10_skewed_01,10,VAM_top2_first_only,0.003776200001084362
