problem,method,scale,status,cost_original_units,error
L01_Table2,LCM,1,ok,475.0,
L01_Table2,LCM,10,ok,475.0,
L01_Table2,VAM,1,ok,475.0,
L01_Table2,VAM,10,ok,475.0,
L01_Table2,RAM,1,ok,475.0,
L01_Table2,RAM,10,ok,475.0,
L01_Table2,THP,1,ok,475.0,
L01_Table2,THP,10,ok,475.0,
L01_Table2,TDM1,1,ok,475.0,
L01_Table2,TDM1,10,ok,475.0,
L01_Table2,TDSM,1,ok,475.0,
L01_Table2,TDSM,10,ok,475.0,
L01_Table2,SSM,1,ok,460.0,
L01_Table2,SSM,10,ok,460.0,
L01_Table2,BCE,1,ok,435.0,
L01_Table2,BCE,10,ok,460.0,
L01_Table2,CSM,1,ok,435.0,
L01_Table2,CSM,10,ok,435.0,
L01_Table2,RBSM,1,ok,435.0,
L01_Table2,RBSM,10,ok,435.0,
L02_Table3,LCM,1,ok,129.0,
L02_Table3,LCM,10,ok,129.0,
L02_Table3,VAM,1,ok,114.0,
L02_Table3,VAM,10,ok,114.0,
L02_Table3,RAM,1,ok,111.0,
L02_Table3,RAM,10,ok,111.0,
L02_Table3,THP,1,ok,129.0,
L02_Table3,THP,10,ok,129.0,
L02_Table3,TDM1,1,ok,111.0,
L02_Table3,TDM1,10,ok,111.0,
L02_Table3,TDSM,1,ok,111.0,
L02_Table3,TDSM,10,ok,111.0,
L02_Table3,SSM,1,ok,111.0,
L02_Table3,SSM,10,ok,111.0,
L02_Table3,BCE,1,ok,111.0,
L02_Table3,BCE,10,ok,111.0,
L02_Table3,CSM,1,ok,111.0,
L02_Table3,CSM,10,ok,111.0,
L02_Table3,RBSM,1,ok,111.0,
L02_Table3,RBSM,10,ok,111.0,
L02_Table7,LCM,1,ok,8800.0,
L02_Table7,LCM,10,ok,8800.0,
L02_Table7,VAM,1,ok,8350.0,
L02_Table7,VAM,10,ok,8350.0,
L02_Table7,RAM,1,ok,7750.0,
L02_Table7,RAM,10,ok,7750.0,
L02_Table7,THP,1,ok,7950.0,
L02_Table7,THP,10,ok,7950.0,
L02_Table7,TDM1,1,ok,7750.0,
L02_Table7,TDM1,10,ok,7750.0,
L02_Table7,TDSM,1,ok,7750.0,
L02_Table7,TDSM,10,ok,7750.0,
L02_Table7,SSM,1,ok,7750.0,
L02_Table7,SSM,10,ok,7750.0,
L02_Table7,BCE,1,failed,,BCE unbalanced branch/model not sufficiently unambiguous; no dummy substitution
L02_Table7,BCE,10,failed,,BCE unbalanced branch/model not sufficiently unambiguous; no dummy substitution
L02_Table7,CSM,1,ok,7750.0,
L02_Table7,CSM,10,ok,7750.0,
L02_Table7,RBSM,1,ok,7750.0,
L02_Table7,RBSM,10,ok,7750.0,
L03_Table2,LCM,1,ok,473.0,
L03_Table2,LCM,10,ok,473.0,
L03_Table2,VAM,1,ok,473.0,
L03_Table2,VAM,10,ok,473.0,
L03_Table2,RAM,1,ok,475.0,
L03_Table2,RAM,10,ok,475.0,
L03_Table2,THP,1,ok,473.0,
L03_Table2,THP,10,ok,473.0,
L03_Table2,TDM1,1,ok,473.0,
L03_Table2,TDM1,10,ok,473.0,
L03_Table2,TDSM,1,ok,473.0,
L03_Table2,TDSM,10,ok,473.0,
L03_Table2,SSM,1,ok,465.0,
L03_Table2,SSM,10,ok,465.0,
L03_Table2,BCE,1,ok,475.0,
L03_Table2,BCE,10,ok,475.0,
L03_Table2,CSM,1,ok,475.0,
L03_Table2,CSM,10,ok,475.0,
L03_Table2,RBSM,1,ok,465.0,
L03_Table2,RBSM,10,ok,465.0,
L04_Example1,LCM,1,ok,61.0,
L04_Example1,LCM,10,ok,61.0,
L04_Example1,VAM,1,ok,61.0,
L04_Example1,VAM,10,ok,61.0,
L04_Example1,RAM,1,ok,55.0,
L04_Example1,RAM,10,ok,55.0,
L04_Example1,THP,1,ok,55.0,
L04_Example1,THP,10,ok,55.0,
L04_Example1,TDM1,1,ok,55.0,
L04_Example1,TDM1,10,ok,55.0,
L04_Example1,TDSM,1,ok,55.0,
L04_Example1,TDSM,10,ok,55.0,
L04_Example1,SSM,1,ok,61.0,
L04_Example1,SSM,10,ok,61.0,
L04_Example1,BCE,1,ok,55.0,
L04_Example1,BCE,10,ok,55.0,
L04_Example1,CSM,1,ok,61.0,
L04_Example1,CSM,10,ok,61.0,
L04_Example1,RBSM,1,ok,61.0,
L04_Example1,RBSM,10,ok,61.0,
L04_Example2,LCM,1,ok,2360.0,
L04_Example2,LCM,10,ok,2360.0,
L04_Example2,VAM,1,ok,2245.0,
L04_Example2,VAM,10,ok,2245.0,
L04_Example2,RAM,1,ok,2245.0,
L04_Example2,RAM,10,ok,2245.0,
L04_Example2,THP,1,ok,2310.0,
L04_Example2,THP,10,ok,2310.0,
L04_Example2,TDM1,1,ok,2245.0,
L04_Example2,TDM1,10,ok,2245.0,
L04_Example2,TDSM,1,ok,1985.0,
L04_Example2,TDSM,10,ok,1985.0,
L04_Example2,SSM,1,ok,2250.0,
L04_Example2,SSM,10,ok,2250.0,
L04_Example2,BCE,1,failed,,Repair cycle; no fallback or forced feasibility applied
L04_Example2,BCE,10,failed,,Repair cycle; no fallback or forced feasibility applied
L04_Example2,CSM,1,ok,1945.0,
L04_Example2,CSM,10,ok,1945.0,
L04_Example2,RBSM,1,ok,2065.0,
L04_Example2,RBSM,10,ok,2065.0,
L05_Example1,LCM,1,ok,1045.0,
L05_Example1,LCM,10,ok,1045.0,
L05_Example1,VAM,1,ok,1095.0,
L05_Example1,VAM,10,ok,1095.0,
L05_Example1,RAM,1,ok,985.0,
L05_Example1,RAM,10,ok,985.0,
L05_Example1,THP,1,ok,1045.0,
L05_Example1,THP,10,ok,1045.0,
L05_Example1,TDM1,1,ok,985.0,
L05_Example1,TDM1,10,ok,985.0,
L05_Example1,TDSM,1,ok,985.0,
L05_Example1,TDSM,10,ok,985.0,
L05_Example1,SSM,1,ok,985.0,
L05_Example1,SSM,10,ok,985.0,
L05_Example1,BCE,1,ok,985.0,
L05_Example1,BCE,10,ok,985.0,
L05_Example1,CSM,1,ok,985.0,
L05_Example1,CSM,10,ok,985.0,
L05_Example1,RBSM,1,ok,985.0,
L05_Example1,RBSM,10,ok,985.0,
L05_Example2,LCM,1,ok,4550.0,
L05_Example2,LCM,10,ok,4550.0,
L05_Example2,VAM,1,ok,5125.0,
L05_Example2,VAM,10,ok,5125.0,
L05_Example2,RAM,1,ok,4525.0,
L05_Example2,RAM,10,ok,4525.0,
L05_Example2,THP,1,ok,4525.0,
L05_Example2,THP,10,ok,4525.0,
L05_Example2,TDM1,1,ok,4550.0,
L05_Example2,TDM1,10,ok,4550.0,
L05_Example2,TDSM,1,ok,4550.0,
L05_Example2,TDSM,10,ok,4550.0,
L05_Example2,SSM,1,ok,4525.0,
L05_Example2,SSM,10,ok,4525.0,
L05_Example2,BCE,1,ok,4525.0,
L05_Example2,BCE,10,ok,4525.0,
L05_Example2,CSM,1,ok,4525.0,
L05_Example2,CSM,10,ok,4525.0,
L05_Example2,RBSM,1,ok,4525.0,
L05_Example2,RBSM,10,ok,4525.0,
L05_Example3,LCM,1,ok,2387.0,
L05_Example3,LCM,10,ok,2387.0,
L05_Example3,VAM,1,ok,2388.0,
L05_Example3,VAM,10,ok,2388.0,
L05_Example3,RAM,1,ok,2377.0,
L05_Example3,RAM,10,ok,2377.0,
L05_Example3,THP,1,ok,2366.0,
L05_Example3,THP,10,ok,2366.0,
L05_Example3,TDM1,1,ok,2366.0,
L05_Example3,TDM1,10,ok,2366.0,
L05_Example3,TDSM,1,ok,2366.0,
L05_Example3,TDSM,10,ok,2366.0,
L05_Example3,SSM,1,ok,2718.0,
L05_Example3,SSM,10,ok,2718.0,
L05_Example3,BCE,1,failed,,Repair cycle; no fallback or forced feasibility applied
L05_Example3,BCE,10,failed,,Repair cycle; no fallback or forced feasibility applied
L05_Example3,CSM,1,ok,2488.0,
L05_Example3,CSM,10,ok,2488.0,
L05_Example3,RBSM,1,ok,2641.0,
L05_Example3,RBSM,10,ok,2641.0,
E01_Example1,LCM,1,ok,3670.0,
E01_Example1,LCM,10,ok,3670.0,
E01_Example1,VAM,1,ok,3520.0,
E01_Example1,VAM,10,ok,3520.0,
E01_Example1,RAM,1,ok,3500.0,
E01_Example1,RAM,10,ok,3500.0,
E01_Example1,THP,1,ok,3570.0,
E01_Example1,THP,10,ok,3570.0,
E01_Example1,TDM1,1,ok,3570.0,
E01_Example1,TDM1,10,ok,3570.0,
E01_Example1,TDSM,1,ok,3710.0,
E01_Example1,TDSM,10,ok,3710.0,
E01_Example1,SSM,1,ok,3460.0,
E01_Example1,SSM,10,ok,3460.0,
E01_Example1,BCE,1,ok,3460.0,
E01_Example1,BCE,10,ok,3460.0,
E01_Example1,CSM,1,ok,3460.0,
E01_Example1,CSM,10,ok,3460.0,
E01_Example1,RBSM,1,ok,3460.0,
E01_Example1,RBSM,10,ok,3460.0,
E01_Example2,LCM,1,ok,650.0,
E01_Example2,LCM,10,ok,650.0,
E01_Example2,VAM,1,ok,650.0,
E01_Example2,VAM,10,ok,650.0,
E01_Example2,RAM,1,ok,610.0,
E01_Example2,RAM,10,ok,610.0,
E01_Example2,THP,1,ok,630.0,
E01_Example2,THP,10,ok,630.0,
E01_Example2,TDM1,1,ok,650.0,
E01_Example2,TDM1,10,ok,650.0,
E01_Example2,TDSM,1,ok,610.0,
E01_Example2,TDSM,10,ok,610.0,
E01_Example2,SSM,1,ok,630.0,
E01_Example2,SSM,10,ok,630.0,
E01_Example2,BCE,1,ok,610.0,
E01_Example2,BCE,10,ok,610.0,
E01_Example2,CSM,1,ok,610.0,
E01_Example2,CSM,10,ok,610.0,
E01_Example2,RBSM,1,ok,610.0,
E01_Example2,RBSM,10,ok,610.0,
E01_Example3,LCM,1,ok,814.0,
E01_Example3,LCM,10,ok,814.0,
E01_Example3,VAM,1,ok,779.0,
E01_Example3,VAM,10,ok,779.0,
E01_Example3,RAM,1,ok,807.0,
E01_Example3,RAM,10,ok,807.0,
E01_Example3,THP,1,ok,814.0,
E01_Example3,THP,10,ok,814.0,
E01_Example3,TDM1,1,ok,779.0,
E01_Example3,TDM1,10,ok,779.0,
E01_Example3,TDSM,1,ok,781.0,
E01_Example3,TDSM,10,ok,781.0,
E01_Example3,SSM,1,ok,743.0,
E01_Example3,SSM,10,ok,743.0,
E01_Example3,BCE,1,ok,743.0,
E01_Example3,BCE,10,ok,743.0,
E01_Example3,CSM,1,ok,779.0,
E01_Example3,CSM,10,ok,779.0,
E01_Example3,RBSM,1,ok,779.0,
E01_Example3,RBSM,10,ok,779.0,
E01_Example4,LCM,1,ok,490.0,
E01_Example4,LCM,10,ok,490.0,
E01_Example4,VAM,1,ok,490.0,
E01_Example4,VAM,10,ok,490.0,
E01_Example4,RAM,1,ok,490.0,
E01_Example4,RAM,10,ok,490.0,
E01_Example4,THP,1,ok,490.0,
E01_Example4,THP,10,ok,490.0,
E01_Example4,TDM1,1,ok,490.0,
E01_Example4,TDM1,10,ok,490.0,
E01_Example4,TDSM,1,ok,490.0,
E01_Example4,TDSM,10,ok,490.0,
E01_Example4,SSM,1,ok,490.0,
E01_Example4,SSM,10,ok,490.0,
E01_Example4,BCE,1,ok,490.0,
E01_Example4,BCE,10,ok,490.0,
E01_Example4,CSM,1,ok,490.0,
E01_Example4,CSM,10,ok,490.0,
E01_Example4,RBSM,1,ok,490.0,
E01_Example4,RBSM,10,ok,490.0,
E01_Example5,LCM,1,ok,1465.0,
E01_Example5,LCM,10,ok,1465.0,
E01_Example5,VAM,1,ok,1401.0,
E01_Example5,VAM,10,ok,1401.0,
E01_Example5,RAM,1,ok,1465.0,
E01_Example5,RAM,10,ok,1465.0,
E01_Example5,THP,1,ok,1465.0,
E01_Example5,THP,10,ok,1465.0,
E01_Example5,TDM1,1,ok,1401.0,
E01_Example5,TDM1,10,ok,1401.0,
E01_Example5,TDSM,1,ok,1465.0,
E01_Example5,TDSM,10,ok,1465.0,
E01_Example5,SSM,1,ok,1434.0,
E01_Example5,SSM,10,ok,1434.0,
E01_Example5,BCE,1,failed,,Repair cycle; no fallback or forced feasibility applied
E01_Example5,BCE,10,failed,,Repair cycle; no fallback or forced feasibility applied
E01_Example5,CSM,1,ok,1434.0,
E01_Example5,CSM,10,ok,1434.0,
E01_Example5,RBSM,1,ok,1434.0,
E01_Example5,RBSM,10,ok,1434.0,
RBSM_N01,LCM,1,ok,5600.0,
RBSM_N01,LCM,10,ok,5600.0,
RBSM_N01,VAM,1,ok,5600.0,
RBSM_N01,VAM,10,ok,5600.0,
RBSM_N01,RAM,1,ok,5600.0,
RBSM_N01,RAM,10,ok,5600.0,
RBSM_N01,THP,1,ok,5600.0,
RBSM_N01,THP,10,ok,5600.0,
RBSM_N01,TDM1,1,ok,5600.0,
RBSM_N01,TDM1,10,ok,5600.0,
RBSM_N01,TDSM,1,ok,5600.0,
RBSM_N01,TDSM,10,ok,5600.0,
RBSM_N01,SSM,1,ok,5600.0,
RBSM_N01,SSM,10,ok,5600.0,
RBSM_N01,BCE,1,ok,5600.0,
RBSM_N01,BCE,10,ok,5600.0,
RBSM_N01,CSM,1,ok,5600.0,
RBSM_N01,CSM,10,ok,5600.0,
RBSM_N01,RBSM,1,ok,5600.0,
RBSM_N01,RBSM,10,ok,5600.0,
RBSM_N02,LCM,1,ok,28.0,
RBSM_N02,LCM,10,ok,28.0,
RBSM_N02,VAM,1,ok,28.0,
RBSM_N02,VAM,10,ok,28.0,
RBSM_N02,RAM,1,ok,34.0,
RBSM_N02,RAM,10,ok,34.0,
RBSM_N02,THP,1,ok,28.0,
RBSM_N02,THP,10,ok,28.0,
RBSM_N02,TDM1,1,ok,28.0,
RBSM_N02,TDM1,10,ok,28.0,
RBSM_N02,TDSM,1,ok,28.0,
RBSM_N02,TDSM,10,ok,28.0,
RBSM_N02,SSM,1,ok,28.0,
RBSM_N02,SSM,10,ok,28.0,
RBSM_N02,BCE,1,ok,28.0,
RBSM_N02,BCE,10,ok,28.0,
RBSM_N02,CSM,1,ok,28.0,
RBSM_N02,CSM,10,ok,28.0,
RBSM_N02,RBSM,1,ok,28.0,
RBSM_N02,RBSM,10,ok,28.0,
RBSM_N03,LCM,1,ok,1123.0,
RBSM_N03,LCM,10,ok,1123.0,
RBSM_N03,VAM,1,ok,1104.0,
RBSM_N03,VAM,10,ok,1104.0,
RBSM_N03,RAM,1,ok,1103.0,
RBSM_N03,RAM,10,ok,1103.0,
RBSM_N03,THP,1,ok,1102.0,
RBSM_N03,THP,10,ok,1102.0,
RBSM_N03,TDM1,1,ok,1102.0,
RBSM_N03,TDM1,10,ok,1102.0,
RBSM_N03,TDSM,1,ok,1102.0,
RBSM_N03,TDSM,10,ok,1102.0,
RBSM_N03,SSM,1,ok,1134.0,
RBSM_N03,SSM,10,ok,1134.0,
RBSM_N03,BCE,1,failed,,Repair cycle; no fallback or forced feasibility applied
RBSM_N03,BCE,10,failed,,Repair cycle; no fallback or forced feasibility applied
RBSM_N03,CSM,1,ok,1134.0,
RBSM_N03,CSM,10,ok,1134.0,
RBSM_N03,RBSM,1,ok,1127.0,
RBSM_N03,RBSM,10,ok,1127.0,
RBSM_N04,LCM,1,ok,555.0,
RBSM_N04,LCM,10,ok,555.0,
RBSM_N04,VAM,1,ok,555.0,
RBSM_N04,VAM,10,ok,555.0,
RBSM_N04,RAM,1,ok,555.0,
RBSM_N04,RAM,10,ok,555.0,
RBSM_N04,THP,1,ok,555.0,
RBSM_N04,THP,10,ok,555.0,
RBSM_N04,TDM1,1,ok,555.0,
RBSM_N04,TDM1,10,ok,555.0,
RBSM_N04,TDSM,1,ok,555.0,
RBSM_N04,TDSM,10,ok,555.0,
RBSM_N04,SSM,1,ok,555.0,
RBSM_N04,SSM,10,ok,555.0,
RBSM_N04,BCE,1,ok,555.0,
RBSM_N04,BCE,10,ok,555.0,
RBSM_N04,CSM,1,ok,555.0,
RBSM_N04,CSM,10,ok,555.0,
RBSM_N04,RBSM,1,ok,555.0,
RBSM_N04,RBSM,10,ok,555.0,
RBSM_N05,LCM,1,ok,435.0,
RBSM_N05,LCM,10,ok,435.0,
RBSM_N05,VAM,1,ok,470.0,
RBSM_N05,VAM,10,ok,470.0,
RBSM_N05,RAM,1,ok,420.0,
RBSM_N05,RAM,10,ok,420.0,
RBSM_N05,THP,1,ok,415.0,
RBSM_N05,THP,10,ok,415.0,
RBSM_N05,TDM1,1,ok,435.0,
RBSM_N05,TDM1,10,ok,435.0,
RBSM_N05,TDSM,1,ok,435.0,
RBSM_N05,TDSM,10,ok,435.0,
RBSM_N05,SSM,1,ok,430.0,
RBSM_N05,SSM,10,ok,430.0,
RBSM_N05,BCE,1,failed,,Repair cycle; no fallback or forced feasibility applied
RBSM_N05,BCE,10,failed,,Repair cycle; no fallback or forced feasibility applied
RBSM_N05,CSM,1,ok,430.0,
RBSM_N05,CSM,10,ok,430.0,
RBSM_N05,RBSM,1,ok,430.0,
RBSM_N05,RBSM,10,ok,430.0,
RBSM_N06,LCM,1,ok,8800.0,
RBSM_N06,LCM,10,ok,8800.0,
RBSM_N06,VAM,1,ok,8350.0,
RBSM_N06,VAM,10,ok,8350.0,
RBSM_N06,RAM,1,ok,7750.0,
RBSM_N06,RAM,10,ok,7750.0,
RBSM_N06,THP,1,ok,7950.0,
RBSM_N06,THP,10,ok,7950.0,
RBSM_N06,TDM1,1,ok,7750.0,
RBSM_N06,TDM1,10,ok,7750.0,
RBSM_N06,TDSM,1,ok,7750.0,
RBSM_N06,TDSM,10,ok,7750.0,
RBSM_N06,SSM,1,ok,7750.0,
RBSM_N06,SSM,10,ok,7750.0,
RBSM_N06,BCE,1,ok,7750.0,
RBSM_N06,BCE,10,ok,7750.0,
RBSM_N06,CSM,1,ok,7750.0,
RBSM_N06,CSM,10,ok,7750.0,
RBSM_N06,RBSM,1,ok,7750.0,
RBSM_N06,RBSM,10,ok,7750.0,
RBSM_N07,LCM,1,ok,1165.0,
RBSM_N07,LCM,10,ok,1165.0,
RBSM_N07,VAM,1,ok,1220.0,
RBSM_N07,VAM,10,ok,1220.0,
RBSM_N07,RAM,1,ok,1165.0,
RBSM_N07,RAM,10,ok,1165.0,
RBSM_N07,THP,1,ok,1165.0,
RBSM_N07,THP,10,ok,1165.0,
RBSM_N07,TDM1,1,ok,1160.0,
RBSM_N07,TDM1,10,ok,1160.0,
RBSM_N07,TDSM,1,ok,1160.0,
RBSM_N07,TDSM,10,ok,1160.0,
RBSM_N07,SSM,1,ok,1165.0,
RBSM_N07,SSM,10,ok,1165.0,
RBSM_N07,BCE,1,ok,1170.0,
RBSM_N07,BCE,10,ok,1170.0,
RBSM_N07,CSM,1,ok,1160.0,
RBSM_N07,CSM,10,ok,1160.0,
RBSM_N07,RBSM,1,ok,1160.0,
RBSM_N07,RBSM,10,ok,1160.0,
RBSM_N08,LCM,1,ok,192.0,
RBSM_N08,LCM,10,ok,192.0,
RBSM_N08,VAM,1,ok,190.0,
RBSM_N08,VAM,10,ok,190.0,
RBSM_N08,RAM,1,ok,190.0,
RBSM_N08,RAM,10,ok,190.0,
RBSM_N08,THP,1,ok,192.0,
RBSM_N08,THP,10,ok,192.0,
RBSM_N08,TDM1,1,ok,190.0,
RBSM_N08,TDM1,10,ok,190.0,
RBSM_N08,TDSM,1,ok,190.0,
RBSM_N08,TDSM,10,ok,190.0,
RBSM_N08,SSM,1,ok,196.0,
RBSM_N08,SSM,10,ok,196.0,
RBSM_N08,BCE,1,ok,192.0,
RBSM_N08,BCE,10,ok,192.0,
RBSM_N08,CSM,1,ok,190.0,
RBSM_N08,CSM,10,ok,190.0,
RBSM_N08,RBSM,1,ok,190.0,
RBSM_N08,RBSM,10,ok,190.0,
RBSM_N10,LCM,1,ok,990.0,
RBSM_N10,LCM,10,ok,990.0,
RBSM_N10,VAM,1,ok,990.0,
RBSM_N10,VAM,10,ok,990.0,
RBSM_N10,RAM,1,ok,910.0,
RBSM_N10,RAM,10,ok,910.0,
RBSM_N10,THP,1,ok,990.0,
RBSM_N10,THP,10,ok,990.0,
RBSM_N10,TDM1,1,ok,990.0,
RBSM_N10,TDM1,10,ok,990.0,
RBSM_N10,TDSM,1,ok,990.0,
RBSM_N10,TDSM,10,ok,990.0,
RBSM_N10,SSM,1,ok,960.0,
RBSM_N10,SSM,10,ok,960.0,
RBSM_N10,BCE,1,ok,910.0,
RBSM_N10,BCE,10,ok,960.0,
RBSM_N10,CSM,1,ok,910.0,
RBSM_N10,CSM,10,ok,910.0,
RBSM_N10,RBSM,1,ok,910.0,
RBSM_N10,RBSM,10,ok,910.0,
RBSM_N11,LCM,1,ok,2980.0,
RBSM_N11,LCM,10,ok,2980.0,
RBSM_N11,VAM,1,ok,2980.0,
RBSM_N11,VAM,10,ok,2980.0,
RBSM_N11,RAM,1,ok,2460.0,
RBSM_N11,RAM,10,ok,2460.0,
RBSM_N11,THP,1,ok,3280.0,
RBSM_N11,THP,10,ok,3280.0,
RBSM_N11,TDM1,1,ok,2980.0,
RBSM_N11,TDM1,10,ok,2980.0,
RBSM_N11,TDSM,1,ok,2500.0,
RBSM_N11,TDSM,10,ok,2500.0,
RBSM_N11,SSM,1,ok,2500.0,
RBSM_N11,SSM,10,ok,2500.0,
RBSM_N11,BCE,1,ok,2460.0,
RBSM_N11,BCE,10,ok,2500.0,
RBSM_N11,CSM,1,ok,2460.0,
RBSM_N11,CSM,10,ok,2460.0,
RBSM_N11,RBSM,1,ok,2460.0,
RBSM_N11,RBSM,10,ok,2460.0,
RBSM_N12,LCM,1,ok,433.0,
RBSM_N12,LCM,10,ok,433.0,
RBSM_N12,VAM,1,ok,425.0,
RBSM_N12,VAM,10,ok,425.0,
RBSM_N12,RAM,1,ok,425.0,
RBSM_N12,RAM,10,ok,425.0,
RBSM_N12,THP,1,ok,425.0,
RBSM_N12,THP,10,ok,425.0,
RBSM_N12,TDM1,1,ok,425.0,
RBSM_N12,TDM1,10,ok,425.0,
RBSM_N12,TDSM,1,ok,425.0,
RBSM_N12,TDSM,10,ok,425.0,
RBSM_N12,SSM,1,ok,425.0,
RBSM_N12,SSM,10,ok,425.0,
RBSM_N12,BCE,1,ok,439.0,
RBSM_N12,BCE,10,ok,439.0,
RBSM_N12,CSM,1,ok,439.0,
RBSM_N12,CSM,10,ok,439.0,
RBSM_N12,RBSM,1,ok,425.0,
RBSM_N12,RBSM,10,ok,425.0,
RBSM_N14,LCM,1,ok,960.0,
RBSM_N14,LCM,10,ok,960.0,
RBSM_N14,VAM,1,ok,960.0,
RBSM_N14,VAM,10,ok,960.0,
RBSM_N14,RAM,1,ok,930.0,
RBSM_N14,RAM,10,ok,930.0,
RBSM_N14,THP,1,ok,920.0,
RBSM_N14,THP,10,ok,920.0,
RBSM_N14,TDM1,1,ok,960.0,
RBSM_N14,TDM1,10,ok,960.0,
RBSM_N14,TDSM,1,ok,960.0,
RBSM_N14,TDSM,10,ok,960.0,
RBSM_N14,SSM,1,ok,920.0,
RBSM_N14,SSM,10,ok,920.0,
RBSM_N14,BCE,1,ok,920.0,
RBSM_N14,BCE,10,ok,920.0,
RBSM_N14,CSM,1,ok,920.0,
RBSM_N14,CSM,10,ok,920.0,
RBSM_N14,RBSM,1,ok,920.0,
RBSM_N14,RBSM,10,ok,920.0,
RBSM_N15,LCM,1,ok,156.0,
RBSM_N15,LCM,10,ok,156.0,
RBSM_N15,VAM,1,ok,156.0,
RBSM_N15,VAM,10,ok,156.0,
RBSM_N15,RAM,1,ok,156.0,
RBSM_N15,RAM,10,ok,156.0,
RBSM_N15,THP,1,ok,156.0,
RBSM_N15,THP,10,ok,156.0,
RBSM_N15,TDM1,1,ok,156.0,
RBSM_N15,TDM1,10,ok,156.0,
RBSM_N15,TDSM,1,ok,156.0,
RBSM_N15,TDSM,10,ok,156.0,
RBSM_N15,SSM,1,ok,156.0,
RBSM_N15,SSM,10,ok,156.0,
RBSM_N15,BCE,1,ok,156.0,
RBSM_N15,BCE,10,ok,156.0,
RBSM_N15,CSM,1,ok,156.0,
RBSM_N15,CSM,10,ok,156.0,
RBSM_N15,RBSM,1,ok,156.0,
RBSM_N15,RBSM,10,ok,156.0,
RBSM_N16,LCM,1,ok,1650.0,
RBSM_N16,LCM,10,ok,1650.0,
RBSM_N16,VAM,1,ok,1590.0,
RBSM_N16,VAM,10,ok,1590.0,
RBSM_N16,RAM,1,ok,1510.0,
RBSM_N16,RAM,10,ok,1510.0,
RBSM_N16,THP,1,ok,1650.0,
RBSM_N16,THP,10,ok,1650.0,
RBSM_N16,TDM1,1,ok,1590.0,
RBSM_N16,TDM1,10,ok,1590.0,
RBSM_N16,TDSM,1,ok,1590.0,
RBSM_N16,TDSM,10,ok,1590.0,
RBSM_N16,SSM,1,ok,1510.0,
RBSM_N16,SSM,10,ok,1510.0,
RBSM_N16,BCE,1,ok,1530.0,
RBSM_N16,BCE,10,ok,1530.0,
RBSM_N16,CSM,1,ok,1510.0,
RBSM_N16,CSM,10,ok,1510.0,
RBSM_N16,RBSM,1,ok,1590.0,
RBSM_N16,RBSM,10,ok,1590.0,
RBSM_N18,LCM,1,ok,1885.0,
RBSM_N18,LCM,10,ok,1885.0,
RBSM_N18,VAM,1,ok,1745.0,
RBSM_N18,VAM,10,ok,1745.0,
RBSM_N18,RAM,1,ok,1745.0,
RBSM_N18,RAM,10,ok,1745.0,
RBSM_N18,THP,1,ok,1695.0,
RBSM_N18,THP,10,ok,1695.0,
RBSM_N18,TDM1,1,ok,1650.0,
RBSM_N18,TDM1,10,ok,1650.0,
RBSM_N18,TDSM,1,ok,1650.0,
RBSM_N18,TDSM,10,ok,1650.0,
RBSM_N18,SSM,1,ok,1650.0,
RBSM_N18,SSM,10,ok,1650.0,
RBSM_N18,BCE,1,ok,1650.0,
RBSM_N18,BCE,10,ok,1650.0,
RBSM_N18,CSM,1,ok,1655.0,
RBSM_N18,CSM,10,ok,1655.0,
RBSM_N18,RBSM,1,ok,1655.0,
RBSM_N18,RBSM,10,ok,1655.0,
RBSM_N21,LCM,1,ok,4329.0,
RBSM_N21,LCM,10,ok,4329.0,
RBSM_N21,VAM,1,ok,4205.0,
RBSM_N21,VAM,10,ok,4205.0,
RBSM_N21,RAM,1,ok,4205.0,
RBSM_N21,RAM,10,ok,4205.0,
RBSM_N21,THP,1,ok,4205.0,
RBSM_N21,THP,10,ok,4205.0,
RBSM_N21,TDM1,1,ok,4205.0,
RBSM_N21,TDM1,10,ok,4205.0,
RBSM_N21,TDSM,1,ok,4205.0,
RBSM_N21,TDSM,10,ok,4205.0,
RBSM_N21,SSM,1,ok,4205.0,
RBSM_N21,SSM,10,ok,4205.0,
RBSM_N21,BCE,1,ok,4429.0,
RBSM_N21,BCE,10,ok,4429.0,
RBSM_N21,CSM,1,ok,4429.0,
RBSM_N21,CSM,10,ok,4429.0,
RBSM_N21,RBSM,1,ok,4205.0,
RBSM_N21,RBSM,10,ok,4205.0,
RBSM_N22,LCM,1,ok,12825.0,
RBSM_N22,LCM,10,ok,12825.0,
RBSM_N22,VAM,1,ok,12075.0,
RBSM_N22,VAM,10,ok,12075.0,
RBSM_N22,RAM,1,ok,12075.0,
RBSM_N22,RAM,10,ok,12075.0,
RBSM_N22,THP,1,ok,12200.0,
RBSM_N22,THP,10,ok,12200.0,
RBSM_N22,TDM1,1,ok,12200.0,
RBSM_N22,TDM1,10,ok,12200.0,
RBSM_N22,TDSM,1,ok,12200.0,
RBSM_N22,TDSM,10,ok,12200.0,
RBSM_N22,SSM,1,ok,12075.0,
RBSM_N22,SSM,10,ok,12075.0,
RBSM_N22,BCE,1,ok,12700.0,
RBSM_N22,BCE,10,ok,12700.0,
RBSM_N22,CSM,1,ok,12075.0,
RBSM_N22,CSM,10,ok,12075.0,
RBSM_N22,RBSM,1,ok,12075.0,
RBSM_N22,RBSM,10,ok,12075.0,
RBSM_N23,LCM,1,ok,23.0,
RBSM_N23,LCM,10,ok,23.0,
RBSM_N23,VAM,1,ok,23.0,
RBSM_N23,VAM,10,ok,23.0,
RBSM_N23,RAM,1,ok,23.0,
RBSM_N23,RAM,10,ok,23.0,
RBSM_N23,THP,1,ok,23.0,
RBSM_N23,THP,10,ok,23.0,
RBSM_N23,TDM1,1,ok,23.0,
RBSM_N23,TDM1,10,ok,23.0,
RBSM_N23,TDSM,1,ok,23.0,
RBSM_N23,TDSM,10,ok,23.0,
RBSM_N23,SSM,1,ok,23.0,
RBSM_N23,SSM,10,ok,23.0,
RBSM_N23,BCE,1,ok,23.0,
RBSM_N23,BCE,10,ok,23.0,
RBSM_N23,CSM,1,ok,23.0,
RBSM_N23,CSM,10,ok,23.0,
RBSM_N23,RBSM,1,ok,23.0,
RBSM_N23,RBSM,10,ok,23.0,
RBSM_N25,LCM,1,ok,894.0,
RBSM_N25,LCM,10,ok,894.0,
RBSM_N25,VAM,1,ok,849.0,
RBSM_N25,VAM,10,ok,849.0,
RBSM_N25,RAM,1,ok,865.0,
RBSM_N25,RAM,10,ok,865.0,
RBSM_N25,THP,1,ok,894.0,
RBSM_N25,THP,10,ok,894.0,
RBSM_N25,TDM1,1,ok,849.0,
RBSM_N25,TDM1,10,ok,849.0,
RBSM_N25,TDSM,1,ok,855.0,
RBSM_N25,TDSM,10,ok,855.0,
RBSM_N25,SSM,1,ok,809.0,
RBSM_N25,SSM,10,ok,809.0,
RBSM_N25,BCE,1,ok,809.0,
RBSM_N25,BCE,10,ok,809.0,
RBSM_N25,CSM,1,ok,849.0,
RBSM_N25,CSM,10,ok,849.0,
RBSM_N25,RBSM,1,ok,849.0,
RBSM_N25,RBSM,10,ok,849.0,
RBSM_N26,LCM,1,ok,748.0,
RBSM_N26,LCM,10,ok,748.0,
RBSM_N26,VAM,1,ok,490.0,
RBSM_N26,VAM,10,ok,490.0,
RBSM_N26,RAM,1,ok,502.0,
RBSM_N26,RAM,10,ok,502.0,
RBSM_N26,THP,1,ok,532.0,
RBSM_N26,THP,10,ok,532.0,
RBSM_N26,TDM1,1,ok,532.0,
RBSM_N26,TDM1,10,ok,532.0,
RBSM_N26,TDSM,1,ok,532.0,
RBSM_N26,TDSM,10,ok,532.0,
RBSM_N26,SSM,1,ok,490.0,
RBSM_N26,SSM,10,ok,490.0,
RBSM_N26,BCE,1,ok,490.0,
RBSM_N26,BCE,10,ok,490.0,
RBSM_N26,CSM,1,ok,490.0,
RBSM_N26,CSM,10,ok,490.0,
RBSM_N26,RBSM,1,ok,490.0,
RBSM_N26,RBSM,10,ok,490.0,
RBSM_N27,LCM,1,ok,72174.0,
RBSM_N27,LCM,10,ok,72174.0,
RBSM_N27,VAM,1,ok,68804.0,
RBSM_N27,VAM,10,ok,68804.0,
RBSM_N27,RAM,1,ok,59356.0,
RBSM_N27,RAM,10,ok,59356.0,
RBSM_N27,THP,1,ok,66587.0,
RBSM_N27,THP,10,ok,66587.0,
RBSM_N27,TDM1,1,ok,68559.0,
RBSM_N27,TDM1,10,ok,68559.0,
RBSM_N27,TDSM,1,ok,68559.0,
RBSM_N27,TDSM,10,ok,68559.0,
RBSM_N27,SSM,1,ok,59356.0,
RBSM_N27,SSM,10,ok,59356.0,
RBSM_N27,BCE,1,ok,64499.0,
RBSM_N27,BCE,10,ok,64499.0,
RBSM_N27,CSM,1,ok,59356.0,
RBSM_N27,CSM,10,ok,59356.0,
RBSM_N27,RBSM,1,ok,59356.0,
RBSM_N27,RBSM,10,ok,59356.0,
RBSM_N28,LCM,1,ok,3490.0,
RBSM_N28,LCM,10,ok,3490.0,
RBSM_N28,VAM,1,ok,2090.0,
RBSM_N28,VAM,10,ok,2090.0,
RBSM_N28,RAM,1,ok,2140.0,
RBSM_N28,RAM,10,ok,2140.0,
RBSM_N28,THP,1,ok,3610.0,
RBSM_N28,THP,10,ok,3610.0,
RBSM_N28,TDM1,1,ok,2090.0,
RBSM_N28,TDM1,10,ok,2090.0,
RBSM_N28,TDSM,1,ok,2090.0,
RBSM_N28,TDSM,10,ok,2090.0,
RBSM_N28,SSM,1,ok,2090.0,
RBSM_N28,SSM,10,ok,2090.0,
RBSM_N28,BCE,1,ok,2090.0,
RBSM_N28,BCE,10,ok,2090.0,
RBSM_N28,CSM,1,ok,2090.0,
RBSM_N28,CSM,10,ok,2090.0,
RBSM_N28,RBSM,1,ok,2090.0,
RBSM_N28,RBSM,10,ok,2090.0,
RBSM_N29,LCM,1,ok,4504.0,
RBSM_N29,LCM,10,ok,4504.0,
RBSM_N29,VAM,1,ok,3857.0,
RBSM_N29,VAM,10,ok,3857.0,
RBSM_N29,RAM,1,ok,3857.0,
RBSM_N29,RAM,10,ok,3857.0,
RBSM_N29,THP,1,ok,3857.0,
RBSM_N29,THP,10,ok,3857.0,
RBSM_N29,TDM1,1,ok,3857.0,
RBSM_N29,TDM1,10,ok,3857.0,
RBSM_N29,TDSM,1,ok,3857.0,
RBSM_N29,TDSM,10,ok,3857.0,
RBSM_N29,SSM,1,ok,3857.0,
RBSM_N29,SSM,10,ok,3857.0,
RBSM_N29,BCE,1,ok,3857.0,
RBSM_N29,BCE,10,ok,3857.0,
RBSM_N29,CSM,1,ok,3857.0,
RBSM_N29,CSM,10,ok,3857.0,
RBSM_N29,RBSM,1,ok,3857.0,
RBSM_N29,RBSM,10,ok,3857.0,
RBSM_N31,LCM,1,ok,1480.0,
RBSM_N31,LCM,10,ok,1480.0,
RBSM_N31,VAM,1,ok,1480.0,
RBSM_N31,VAM,10,ok,1480.0,
RBSM_N31,RAM,1,ok,1480.0,
RBSM_N31,RAM,10,ok,1480.0,
RBSM_N31,THP,1,ok,1480.0,
RBSM_N31,THP,10,ok,1480.0,
RBSM_N31,TDM1,1,ok,1480.0,
RBSM_N31,TDM1,10,ok,1480.0,
RBSM_N31,TDSM,1,ok,1480.0,
RBSM_N31,TDSM,10,ok,1480.0,
RBSM_N31,SSM,1,ok,1480.0,
RBSM_N31,SSM,10,ok,1480.0,
RBSM_N31,BCE,1,ok,1480.0,
RBSM_N31,BCE,10,ok,1480.0,
RBSM_N31,CSM,1,ok,1480.0,
RBSM_N31,CSM,10,ok,1480.0,
RBSM_N31,RBSM,1,ok,1480.0,
RBSM_N31,RBSM,10,ok,1480.0,
RBSM_N32,LCM,1,ok,1820.0,
RBSM_N32,LCM,10,ok,1820.0,
RBSM_N32,VAM,1,ok,1820.0,
RBSM_N32,VAM,10,ok,1820.0,
RBSM_N32,RAM,1,ok,1820.0,
RBSM_N32,RAM,10,ok,1820.0,
RBSM_N32,THP,1,ok,1820.0,
RBSM_N32,THP,10,ok,1820.0,
RBSM_N32,TDM1,1,ok,1780.0,
RBSM_N32,TDM1,10,ok,1780.0,
RBSM_N32,TDSM,1,ok,1780.0,
RBSM_N32,TDSM,10,ok,1780.0,
RBSM_N32,SSM,1,ok,1820.0,
RBSM_N32,SSM,10,ok,1820.0,
RBSM_N32,BCE,1,ok,1780.0,
RBSM_N32,BCE,10,ok,1780.0,
RBSM_N32,CSM,1,ok,1780.0,
RBSM_N32,CSM,10,ok,1780.0,
RBSM_N32,RBSM,1,ok,1780.0,
RBSM_N32,RBSM,10,ok,1780.0,
RBSM_N33,LCM,1,ok,1590.0,
RBSM_N33,LCM,10,ok,1590.0,
RBSM_N33,VAM,1,ok,1430.0,
RBSM_N33,VAM,10,ok,1430.0,
RBSM_N33,RAM,1,ok,1250.0,
RBSM_N33,RAM,10,ok,1250.0,
RBSM_N33,THP,1,ok,1250.0,
RBSM_N33,THP,10,ok,1250.0,
RBSM_N33,TDM1,1,ok,1250.0,
RBSM_N33,TDM1,10,ok,1250.0,
RBSM_N33,TDSM,1,ok,1250.0,
RBSM_N33,TDSM,10,ok,1250.0,
RBSM_N33,SSM,1,ok,1310.0,
RBSM_N33,SSM,10,ok,1310.0,
RBSM_N33,BCE,1,ok,1310.0,
RBSM_N33,BCE,10,ok,1310.0,
RBSM_N33,CSM,1,ok,1310.0,
RBSM_N33,CSM,10,ok,1310.0,
RBSM_N33,RBSM,1,ok,1310.0,
RBSM_N33,RBSM,10,ok,1310.0,
RBSM_N34,LCM,1,ok,510.0,
RBSM_N34,LCM,10,ok,510.0,
RBSM_N34,VAM,1,ok,510.0,
RBSM_N34,VAM,10,ok,510.0,
RBSM_N34,RAM,1,ok,510.0,
RBSM_N34,RAM,10,ok,510.0,
RBSM_N34,THP,1,ok,520.0,
RBSM_N34,THP,10,ok,520.0,
RBSM_N34,TDM1,1,ok,510.0,
RBSM_N34,TDM1,10,ok,510.0,
RBSM_N34,TDSM,1,ok,510.0,
RBSM_N34,TDSM,10,ok,510.0,
RBSM_N34,SSM,1,ok,510.0,
RBSM_N34,SSM,10,ok,510.0,
RBSM_N34,BCE,1,ok,510.0,
RBSM_N34,BCE,10,ok,510.0,
RBSM_N34,CSM,1,ok,510.0,
RBSM_N34,CSM,10,ok,510.0,
RBSM_N34,RBSM,1,ok,510.0,
RBSM_N34,RBSM,10,ok,510.0,
RBSM_N35,LCM,1,ok,320.0,
RBSM_N35,LCM,10,ok,320.0,
RBSM_N35,VAM,1,ok,320.0,
RBSM_N35,VAM,10,ok,320.0,
RBSM_N35,RAM,1,ok,280.0,
RBSM_N35,RAM,10,ok,280.0,
RBSM_N35,THP,1,ok,320.0,
RBSM_N35,THP,10,ok,320.0,
RBSM_N35,TDM1,1,ok,280.0,
RBSM_N35,TDM1,10,ok,280.0,
RBSM_N35,TDSM,1,ok,280.0,
RBSM_N35,TDSM,10,ok,280.0,
RBSM_N35,SSM,1,ok,280.0,
RBSM_N35,SSM,10,ok,280.0,
RBSM_N35,BCE,1,ok,280.0,
RBSM_N35,BCE,10,ok,280.0,
RBSM_N35,CSM,1,ok,280.0,
RBSM_N35,CSM,10,ok,280.0,
RBSM_N35,RBSM,1,ok,280.0,
RBSM_N35,RBSM,10,ok,280.0,
RBSM_S1,LCM,1,ok,19440.0,
RBSM_S1,LCM,10,ok,19440.0,
RBSM_S1,VAM,1,ok,18855.0,
RBSM_S1,VAM,10,ok,18855.0,
RBSM_S1,RAM,1,ok,18855.0,
RBSM_S1,RAM,10,ok,18855.0,
RBSM_S1,THP,1,ok,19440.0,
RBSM_S1,THP,10,ok,19440.0,
RBSM_S1,TDM1,1,ok,18855.0,
RBSM_S1,TDM1,10,ok,18855.0,
RBSM_S1,TDSM,1,ok,18855.0,
RBSM_S1,TDSM,10,ok,18855.0,
RBSM_S1,SSM,1,ok,20925.0,
RBSM_S1,SSM,10,ok,20925.0,
RBSM_S1,BCE,1,ok,19125.0,
RBSM_S1,BCE,10,ok,19845.0,
RBSM_S1,CSM,1,ok,18855.0,
RBSM_S1,CSM,10,ok,18855.0,
RBSM_S1,RBSM,1,ok,18855.0,
RBSM_S1,RBSM,10,ok,18855.0,
RBSM_S2,LCM,1,ok,159000.0,
RBSM_S2,LCM,10,ok,159000.0,
RBSM_S2,VAM,1,ok,153500.0,
RBSM_S2,VAM,10,ok,153500.0,
RBSM_S2,RAM,1,ok,153500.0,
RBSM_S2,RAM,10,ok,153500.0,
RBSM_S2,THP,1,ok,159000.0,
RBSM_S2,THP,10,ok,159000.0,
RBSM_S2,TDM1,1,ok,153500.0,
RBSM_S2,TDM1,10,ok,153500.0,
RBSM_S2,TDSM,1,ok,153500.0,
RBSM_S2,TDSM,10,ok,153500.0,
RBSM_S2,SSM,1,ok,176500.0,
RBSM_S2,SSM,10,ok,176500.0,
RBSM_S2,BCE,1,ok,156500.0,
RBSM_S2,BCE,10,ok,163500.0,
RBSM_S2,CSM,1,ok,153500.0,
RBSM_S2,CSM,10,ok,153500.0,
RBSM_S2,RBSM,1,ok,153500.0,
RBSM_S2,RBSM,10,ok,153500.0,
CSM_N03,LCM,1,ok,1079.0,
CSM_N03,LCM,10,ok,1079.0,
CSM_N03,VAM,1,ok,1104.0,
CSM_N03,VAM,10,ok,1104.0,
CSM_N03,RAM,1,ok,1079.0,
CSM_N03,RAM,10,ok,1079.0,
CSM_N03,THP,1,ok,1079.0,
CSM_N03,THP,10,ok,1079.0,
CSM_N03,TDM1,1,ok,1091.0,
CSM_N03,TDM1,10,ok,1091.0,
CSM_N03,TDSM,1,ok,1091.0,
CSM_N03,TDSM,10,ok,1091.0,
CSM_N03,SSM,1,ok,1152.0,
CSM_N03,SSM,10,ok,1152.0,
CSM_N03,BCE,1,ok,1103.0,
CSM_N03,BCE,10,ok,1103.0,
CSM_N03,CSM,1,ok,1152.0,
CSM_N03,CSM,10,ok,1152.0,
CSM_N03,RBSM,1,ok,1152.0,
CSM_N03,RBSM,10,ok,1152.0,
CSM_N04,LCM,1,ok,1870.0,
CSM_N04,LCM,10,ok,1870.0,
CSM_N04,VAM,1,ok,1580.0,
CSM_N04,VAM,10,ok,1580.0,
CSM_N04,RAM,1,ok,1580.0,
CSM_N04,RAM,10,ok,1580.0,
CSM_N04,THP,1,ok,1690.0,
CSM_N04,THP,10,ok,1690.0,
CSM_N04,TDM1,1,ok,1595.0,
CSM_N04,TDM1,10,ok,1595.0,
CSM_N04,TDSM,1,ok,1595.0,
CSM_N04,TDSM,10,ok,1595.0,
CSM_N04,SSM,1,ok,1625.0,
CSM_N04,SSM,10,ok,1625.0,
CSM_N04,BCE,1,ok,1580.0,
CSM_N04,BCE,10,ok,1580.0,
CSM_N04,CSM,1,ok,1580.0,
CSM_N04,CSM,10,ok,1580.0,
CSM_N04,RBSM,1,ok,1625.0,
CSM_N04,RBSM,10,ok,1625.0,
CSM_N06,LCM,1,ok,2850.0,
CSM_N06,LCM,10,ok,2850.0,
CSM_N06,VAM,1,ok,2850.0,
CSM_N06,VAM,10,ok,2850.0,
CSM_N06,RAM,1,ok,2900.0,
CSM_N06,RAM,10,ok,2900.0,
CSM_N06,THP,1,ok,2850.0,
CSM_N06,THP,10,ok,2850.0,
CSM_N06,TDM1,1,ok,2850.0,
CSM_N06,TDM1,10,ok,2850.0,
CSM_N06,TDSM,1,ok,2850.0,
CSM_N06,TDSM,10,ok,2850.0,
CSM_N06,SSM,1,ok,2900.0,
CSM_N06,SSM,10,ok,2900.0,
CSM_N06,BCE,1,ok,2850.0,
CSM_N06,BCE,10,ok,2850.0,
CSM_N06,CSM,1,ok,2850.0,
CSM_N06,CSM,10,ok,2850.0,
CSM_N06,RBSM,1,ok,2850.0,
CSM_N06,RBSM,10,ok,2850.0,
CSM_N18,LCM,1,ok,29.0,
CSM_N18,LCM,10,ok,29.0,
CSM_N18,VAM,1,ok,29.0,
CSM_N18,VAM,10,ok,29.0,
CSM_N18,RAM,1,ok,29.0,
CSM_N18,RAM,10,ok,29.0,
CSM_N18,THP,1,ok,29.0,
CSM_N18,THP,10,ok,29.0,
CSM_N18,TDM1,1,ok,29.0,
CSM_N18,TDM1,10,ok,29.0,
CSM_N18,TDSM,1,ok,29.0,
CSM_N18,TDSM,10,ok,29.0,
CSM_N18,SSM,1,ok,29.0,
CSM_N18,SSM,10,ok,29.0,
CSM_N18,BCE,1,ok,29.0,
CSM_N18,BCE,10,ok,29.0,
CSM_N18,CSM,1,ok,29.0,
CSM_N18,CSM,10,ok,29.0,
CSM_N18,RBSM,1,ok,29.0,
CSM_N18,RBSM,10,ok,29.0,
CSM_N28,LCM,1,ok,43.0,
CSM_N28,LCM,10,ok,43.0,
CSM_N28,VAM,1,ok,40.0,
CSM_N28,VAM,10,ok,40.0,
CSM_N28,RAM,1,ok,40.0,
CSM_N28,RAM,10,ok,40.0,
CSM_N28,THP,1,ok,43.0,
CSM_N28,THP,10,ok,43.0,
CSM_N28,TDM1,1,ok,40.0,
CSM_N28,TDM1,10,ok,40.0,
CSM_N28,TDSM,1,ok,40.0,
CSM_N28,TDSM,10,ok,40.0,
CSM_N28,SSM,1,ok,40.0,
CSM_N28,SSM,10,ok,40.0,
CSM_N28,BCE,1,ok,40.0,
CSM_N28,BCE,10,ok,40.0,
CSM_N28,CSM,1,ok,40.0,
CSM_N28,CSM,10,ok,40.0,
CSM_N28,RBSM,1,ok,40.0,
CSM_N28,RBSM,10,ok,40.0,
CSM_N33,LCM,1,ok,151750.0,
CSM_N33,LCM,10,ok,151750.0,
CSM_N33,VAM,1,ok,151750.0,
CSM_N33,VAM,10,ok,151750.0,
CSM_N33,RAM,1,ok,151750.0,
CSM_N33,RAM,10,ok,151750.0,
CSM_N33,THP,1,ok,152500.0,
CSM_N33,THP,10,ok,152500.0,
CSM_N33,TDM1,1,ok,151750.0,
CSM_N33,TDM1,10,ok,151750.0,
CSM_N33,TDSM,1,ok,151750.0,
CSM_N33,TDSM,10,ok,151750.0,
CSM_N33,SSM,1,ok,151750.0,
CSM_N33,SSM,10,ok,151750.0,
CSM_N33,BCE,1,ok,151750.0,
CSM_N33,BCE,10,ok,151750.0,
CSM_N33,CSM,1,ok,151750.0,
CSM_N33,CSM,10,ok,151750.0,
CSM_N33,RBSM,1,ok,151750.0,
CSM_N33,RBSM,10,ok,151750.0,
CSM_N35,LCM,1,ok,516.0,
CSM_N35,LCM,10,ok,516.0,
CSM_N35,VAM,1,ok,476.0,
CSM_N35,VAM,10,ok,476.0,
CSM_N35,RAM,1,ok,412.0,
CSM_N35,RAM,10,ok,412.0,
CSM_N35,THP,1,ok,476.0,
CSM_N35,THP,10,ok,476.0,
CSM_N35,TDM1,1,ok,476.0,
CSM_N35,TDM1,10,ok,476.0,
CSM_N35,TDSM,1,ok,476.0,
CSM_N35,TDSM,10,ok,476.0,
CSM_N35,SSM,1,ok,412.0,
CSM_N35,SSM,10,ok,412.0,
CSM_N35,BCE,1,ok,412.0,
CSM_N35,BCE,10,ok,412.0,
CSM_N35,CSM,1,ok,476.0,
CSM_N35,CSM,10,ok,476.0,
CSM_N35,RBSM,1,ok,476.0,
CSM_N35,RBSM,10,ok,476.0,
EDM_C01,LCM,1,ok,1885.0,
EDM_C01,LCM,10,ok,1885.0,
EDM_C01,VAM,1,ok,1745.0,
EDM_C01,VAM,10,ok,1745.0,
EDM_C01,RAM,1,ok,1745.0,
EDM_C01,RAM,10,ok,1745.0,
EDM_C01,THP,1,ok,1695.0,
EDM_C01,THP,10,ok,1695.0,
EDM_C01,TDM1,1,ok,1650.0,
EDM_C01,TDM1,10,ok,1650.0,
EDM_C01,TDSM,1,ok,1650.0,
EDM_C01,TDSM,10,ok,1650.0,
EDM_C01,SSM,1,ok,1650.0,
EDM_C01,SSM,10,ok,1650.0,
EDM_C01,BCE,1,failed,,BCE unbalanced branch/model not sufficiently unambiguous; no dummy substitution
EDM_C01,BCE,10,failed,,BCE unbalanced branch/model not sufficiently unambiguous; no dummy substitution
EDM_C01,CSM,1,ok,1655.0,
EDM_C01,CSM,10,ok,1655.0,
EDM_C01,RBSM,1,ok,1655.0,
EDM_C01,RBSM,10,ok,1655.0,
EDM_C04,LCM,1,ok,150.0,
EDM_C04,LCM,10,ok,150.0,
EDM_C04,VAM,1,ok,149.0,
EDM_C04,VAM,10,ok,149.0,
EDM_C04,RAM,1,ok,149.0,
EDM_C04,RAM,10,ok,149.0,
EDM_C04,THP,1,ok,149.0,
EDM_C04,THP,10,ok,149.0,
EDM_C04,TDM1,1,ok,149.0,
EDM_C04,TDM1,10,ok,149.0,
EDM_C04,TDSM,1,ok,149.0,
EDM_C04,TDSM,10,ok,149.0,
EDM_C04,SSM,1,ok,149.0,
EDM_C04,SSM,10,ok,149.0,
EDM_C04,BCE,1,ok,149.0,
EDM_C04,BCE,10,ok,149.0,
EDM_C04,CSM,1,ok,150.0,
EDM_C04,CSM,10,ok,150.0,
EDM_C04,RBSM,1,ok,150.0,
EDM_C04,RBSM,10,ok,150.0,
EDM_C07,LCM,1,ok,894.0,
EDM_C07,LCM,10,ok,894.0,
EDM_C07,VAM,1,ok,859.0,
EDM_C07,VAM,10,ok,859.0,
EDM_C07,RAM,1,ok,855.0,
EDM_C07,RAM,10,ok,855.0,
EDM_C07,THP,1,ok,894.0,
EDM_C07,THP,10,ok,894.0,
EDM_C07,TDM1,1,ok,859.0,
EDM_C07,TDM1,10,ok,859.0,
EDM_C07,TDSM,1,ok,868.0,
EDM_C07,TDSM,10,ok,868.0,
EDM_C07,SSM,1,ok,799.0,
EDM_C07,SSM,10,ok,799.0,
EDM_C07,BCE,1,ok,799.0,
EDM_C07,BCE,10,ok,799.0,
EDM_C07,CSM,1,ok,859.0,
EDM_C07,CSM,10,ok,859.0,
EDM_C07,RBSM,1,ok,859.0,
EDM_C07,RBSM,10,ok,859.0,
EDM_C08,LCM,1,ok,855.0,
EDM_C08,LCM,10,ok,855.0,
EDM_C08,VAM,1,ok,820.0,
EDM_C08,VAM,10,ok,820.0,
EDM_C08,RAM,1,ok,820.0,
EDM_C08,RAM,10,ok,820.0,
EDM_C08,THP,1,ok,855.0,
EDM_C08,THP,10,ok,855.0,
EDM_C08,TDM1,1,ok,820.0,
EDM_C08,TDM1,10,ok,820.0,
EDM_C08,TDSM,1,ok,820.0,
EDM_C08,TDSM,10,ok,820.0,
EDM_C08,SSM,1,ok,820.0,
EDM_C08,SSM,10,ok,820.0,
EDM_C08,BCE,1,ok,820.0,
EDM_C08,BCE,10,ok,820.0,
EDM_C08,CSM,1,ok,830.0,
EDM_C08,CSM,10,ok,830.0,
EDM_C08,RBSM,1,ok,830.0,
EDM_C08,RBSM,10,ok,830.0,
EDM_C09,LCM,1,ok,319.0,
EDM_C09,LCM,10,ok,319.0,
EDM_C09,VAM,1,ok,327.0,
EDM_C09,VAM,10,ok,327.0,
EDM_C09,RAM,1,ok,291.0,
EDM_C09,RAM,10,ok,291.0,
EDM_C09,THP,1,ok,291.0,
EDM_C09,THP,10,ok,291.0,
EDM_C09,TDM1,1,ok,291.0,
EDM_C09,TDM1,10,ok,291.0,
EDM_C09,TDSM,1,ok,291.0,
EDM_C09,TDSM,10,ok,291.0,
EDM_C09,SSM,1,ok,291.0,
EDM_C09,SSM,10,ok,291.0,
EDM_C09,BCE,1,ok,291.0,
EDM_C09,BCE,10,ok,327.0,
EDM_C09,CSM,1,ok,327.0,
EDM_C09,CSM,10,ok,327.0,
EDM_C09,RBSM,1,ok,327.0,
EDM_C09,RBSM,10,ok,327.0,
EDM_C11,LCM,1,ok,117.0,
EDM_C11,LCM,10,ok,117.0,
EDM_C11,VAM,1,ok,109.0,
EDM_C11,VAM,10,ok,109.0,
EDM_C11,RAM,1,ok,109.0,
EDM_C11,RAM,10,ok,109.0,
EDM_C11,THP,1,ok,118.0,
EDM_C11,THP,10,ok,118.0,
EDM_C11,TDM1,1,ok,117.0,
EDM_C11,TDM1,10,ok,117.0,
EDM_C11,TDSM,1,ok,109.0,
EDM_C11,TDSM,10,ok,109.0,
EDM_C11,SSM,1,ok,109.0,
EDM_C11,SSM,10,ok,109.0,
EDM_C11,BCE,1,ok,109.0,
EDM_C11,BCE,10,ok,109.0,
EDM_C11,CSM,1,ok,109.0,
EDM_C11,CSM,10,ok,109.0,
EDM_C11,RBSM,1,ok,109.0,
EDM_C11,RBSM,10,ok,109.0,
EDM_C13,LCM,1,ok,615.0,
EDM_C13,LCM,10,ok,615.0,
EDM_C13,VAM,1,ok,605.0,
EDM_C13,VAM,10,ok,605.0,
EDM_C13,RAM,1,ok,615.0,
EDM_C13,RAM,10,ok,615.0,
EDM_C13,THP,1,ok,605.0,
EDM_C13,THP,10,ok,605.0,
EDM_C13,TDM1,1,ok,605.0,
EDM_C13,TDM1,10,ok,605.0,
EDM_C13,TDSM,1,ok,605.0,
EDM_C13,TDSM,10,ok,605.0,
EDM_C13,SSM,1,ok,605.0,
EDM_C13,SSM,10,ok,605.0,
EDM_C13,BCE,1,ok,615.0,
EDM_C13,BCE,10,ok,615.0,
EDM_C13,CSM,1,ok,615.0,
EDM_C13,CSM,10,ok,615.0,
EDM_C13,RBSM,1,ok,615.0,
EDM_C13,RBSM,10,ok,615.0,
EDM_C16,LCM,1,ok,560.0,
EDM_C16,LCM,10,ok,560.0,
EDM_C16,VAM,1,ok,450.0,
EDM_C16,VAM,10,ok,450.0,
EDM_C16,RAM,1,ok,460.0,
EDM_C16,RAM,10,ok,460.0,
EDM_C16,THP,1,ok,660.0,
EDM_C16,THP,10,ok,660.0,
EDM_C16,TDM1,1,ok,450.0,
EDM_C16,TDM1,10,ok,450.0,
EDM_C16,TDSM,1,ok,450.0,
EDM_C16,TDSM,10,ok,450.0,
EDM_C16,SSM,1,ok,450.0,
EDM_C16,SSM,10,ok,450.0,
EDM_C16,BCE,1,ok,450.0,
EDM_C16,BCE,10,ok,450.0,
EDM_C16,CSM,1,ok,450.0,
EDM_C16,CSM,10,ok,450.0,
EDM_C16,RBSM,1,ok,450.0,
EDM_C16,RBSM,10,ok,450.0,
EDM_C19,LCM,1,ok,1210.0,
EDM_C19,LCM,10,ok,1210.0,
EDM_C19,VAM,1,ok,880.0,
EDM_C19,VAM,10,ok,880.0,
EDM_C19,RAM,1,ok,840.0,
EDM_C19,RAM,10,ok,840.0,
EDM_C19,THP,1,ok,1070.0,
EDM_C19,THP,10,ok,1070.0,
EDM_C19,TDM1,1,ok,980.0,
EDM_C19,TDM1,10,ok,980.0,
EDM_C19,TDSM,1,ok,950.0,
EDM_C19,TDSM,10,ok,950.0,
EDM_C19,SSM,1,ok,860.0,
EDM_C19,SSM,10,ok,860.0,
EDM_C19,BCE,1,failed,,BCE unbalanced branch/model not sufficiently unambiguous; no dummy substitution
EDM_C19,BCE,10,failed,,BCE unbalanced branch/model not sufficiently unambiguous; no dummy substitution
EDM_C19,CSM,1,ok,840.0,
EDM_C19,CSM,10,ok,840.0,
EDM_C19,RBSM,1,ok,900.0,
EDM_C19,RBSM,10,ok,900.0,
EDM_C20,LCM,1,ok,69.0,
EDM_C20,LCM,10,ok,69.0,
EDM_C20,VAM,1,ok,59.0,
EDM_C20,VAM,10,ok,59.0,
EDM_C20,RAM,1,ok,64.0,
EDM_C20,RAM,10,ok,64.0,
EDM_C20,THP,1,ok,69.0,
EDM_C20,THP,10,ok,69.0,
EDM_C20,TDM1,1,ok,59.0,
EDM_C20,TDM1,10,ok,59.0,
EDM_C20,TDSM,1,ok,59.0,
EDM_C20,TDSM,10,ok,59.0,
EDM_C20,SSM,1,ok,69.0,
EDM_C20,SSM,10,ok,69.0,
EDM_C20,BCE,1,ok,69.0,
EDM_C20,BCE,10,ok,69.0,
EDM_C20,CSM,1,ok,63.0,
EDM_C20,CSM,10,ok,63.0,
EDM_C20,RBSM,1,ok,63.0,
EDM_C20,RBSM,10,ok,63.0,
EDM_C22,LCM,1,ok,490.0,
EDM_C22,LCM,10,ok,490.0,
EDM_C22,VAM,1,ok,390.0,
EDM_C22,VAM,10,ok,390.0,
EDM_C22,RAM,1,ok,400.0,
EDM_C22,RAM,10,ok,400.0,
EDM_C22,THP,1,ok,470.0,
EDM_C22,THP,10,ok,470.0,
EDM_C22,TDM1,1,ok,400.0,
EDM_C22,TDM1,10,ok,400.0,
EDM_C22,TDSM,1,ok,400.0,
EDM_C22,TDSM,10,ok,400.0,
EDM_C22,SSM,1,ok,500.0,
EDM_C22,SSM,10,ok,500.0,
EDM_C22,BCE,1,ok,500.0,
EDM_C22,BCE,10,ok,500.0,
EDM_C22,CSM,1,ok,480.0,
EDM_C22,CSM,10,ok,480.0,
EDM_C22,RBSM,1,ok,480.0,
EDM_C22,RBSM,10,ok,480.0,
EDM_S1,LCM,1,ok,1380.0,
EDM_S1,LCM,10,ok,1380.0,
EDM_S1,VAM,1,ok,1435.0,
EDM_S1,VAM,10,ok,1435.0,
EDM_S1,RAM,1,ok,1380.0,
EDM_S1,RAM,10,ok,1380.0,
EDM_S1,THP,1,ok,1380.0,
EDM_S1,THP,10,ok,1380.0,
EDM_S1,TDM1,1,ok,1375.0,
EDM_S1,TDM1,10,ok,1375.0,
EDM_S1,TDSM,1,ok,1375.0,
EDM_S1,TDSM,10,ok,1375.0,
EDM_S1,SSM,1,ok,1380.0,
EDM_S1,SSM,10,ok,1380.0,
EDM_S1,BCE,1,ok,1385.0,
EDM_S1,BCE,10,ok,1385.0,
EDM_S1,CSM,1,ok,1375.0,
EDM_S1,CSM,10,ok,1375.0,
EDM_S1,RBSM,1,ok,1375.0,
EDM_S1,RBSM,10,ok,1375.0,
EDM_S3,LCM,1,ok,77.0,
EDM_S3,LCM,10,ok,77.0,
EDM_S3,VAM,1,ok,73.0,
EDM_S3,VAM,10,ok,73.0,
EDM_S3,RAM,1,ok,73.0,
EDM_S3,RAM,10,ok,73.0,
EDM_S3,THP,1,ok,77.0,
EDM_S3,THP,10,ok,77.0,
EDM_S3,TDM1,1,ok,77.0,
EDM_S3,TDM1,10,ok,77.0,
EDM_S3,TDSM,1,ok,77.0,
EDM_S3,TDSM,10,ok,77.0,
EDM_S3,SSM,1,ok,77.0,
EDM_S3,SSM,10,ok,77.0,
EDM_S3,BCE,1,ok,77.0,
EDM_S3,BCE,10,ok,77.0,
EDM_S3,CSM,1,ok,77.0,
EDM_S3,CSM,10,ok,77.0,
EDM_S3,RBSM,1,ok,77.0,
EDM_S3,RBSM,10,ok,77.0,
EDM_S4,LCM,1,ok,133.0,
EDM_S4,LCM,10,ok,133.0,
EDM_S4,VAM,1,ok,127.0,
EDM_S4,VAM,10,ok,127.0,
EDM_S4,RAM,1,ok,127.0,
EDM_S4,RAM,10,ok,127.0,
EDM_S4,THP,1,ok,133.0,
EDM_S4,THP,10,ok,133.0,
EDM_S4,TDM1,1,ok,133.0,
EDM_S4,TDM1,10,ok,133.0,
EDM_S4,TDSM,1,ok,133.0,
EDM_S4,TDSM,10,ok,133.0,
EDM_S4,SSM,1,ok,127.0,
EDM_S4,SSM,10,ok,127.0,
EDM_S4,BCE,1,ok,133.0,
EDM_S4,BCE,10,ok,133.0,
EDM_S4,CSM,1,ok,133.0,
EDM_S4,CSM,10,ok,133.0,
EDM_S4,RBSM,1,ok,133.0,
EDM_S4,RBSM,10,ok,133.0,
EDM_S5,LCM,1,ok,1540.0,
EDM_S5,LCM,10,ok,1540.0,
EDM_S5,VAM,1,ok,1380.0,
EDM_S5,VAM,10,ok,1380.0,
EDM_S5,RAM,1,ok,1385.0,
EDM_S5,RAM,10,ok,1385.0,
EDM_S5,THP,1,ok,1540.0,
EDM_S5,THP,10,ok,1540.0,
EDM_S5,TDM1,1,ok,1385.0,
EDM_S5,TDM1,10,ok,1385.0,
EDM_S5,TDSM,1,ok,1385.0,
EDM_S5,TDSM,10,ok,1385.0,
EDM_S5,SSM,1,ok,1380.0,
EDM_S5,SSM,10,ok,1380.0,
EDM_S5,BCE,1,ok,1380.0,
EDM_S5,BCE,10,ok,1380.0,
EDM_S5,CSM,1,ok,1380.0,
EDM_S5,CSM,10,ok,1380.0,
EDM_S5,RBSM,1,ok,1385.0,
EDM_S5,RBSM,10,ok,1385.0,
MRM_BTP1,LCM,1,ok,605.0,
MRM_BTP1,LCM,10,ok,605.0,
MRM_BTP1,VAM,1,ok,490.0,
MRM_BTP1,VAM,10,ok,490.0,
MRM_BTP1,RAM,1,ok,490.0,
MRM_BTP1,RAM,10,ok,490.0,
MRM_BTP1,THP,1,ok,490.0,
MRM_BTP1,THP,10,ok,490.0,
MRM_BTP1,TDM1,1,ok,490.0,
MRM_BTP1,TDM1,10,ok,490.0,
MRM_BTP1,TDSM,1,ok,475.0,
MRM_BTP1,TDSM,10,ok,475.0,
MRM_BTP1,SSM,1,ok,490.0,
MRM_BTP1,SSM,10,ok,490.0,
MRM_BTP1,BCE,1,ok,490.0,
MRM_BTP1,BCE,10,ok,490.0,
MRM_BTP1,CSM,1,ok,490.0,
MRM_BTP1,CSM,10,ok,490.0,
MRM_BTP1,RBSM,1,ok,490.0,
MRM_BTP1,RBSM,10,ok,490.0,
MRM_BTP3,LCM,1,ok,248.0,
MRM_BTP3,LCM,10,ok,248.0,
MRM_BTP3,VAM,1,ok,248.0,
MRM_BTP3,VAM,10,ok,248.0,
MRM_BTP3,RAM,1,ok,240.0,
MRM_BTP3,RAM,10,ok,240.0,
MRM_BTP3,THP,1,ok,249.0,
MRM_BTP3,THP,10,ok,249.0,
MRM_BTP3,TDM1,1,ok,248.0,
MRM_BTP3,TDM1,10,ok,248.0,
MRM_BTP3,TDSM,1,ok,248.0,
MRM_BTP3,TDSM,10,ok,248.0,
MRM_BTP3,SSM,1,ok,241.0,
MRM_BTP3,SSM,10,ok,241.0,
MRM_BTP3,BCE,1,ok,240.0,
MRM_BTP3,BCE,10,ok,240.0,
MRM_BTP3,CSM,1,ok,241.0,
MRM_BTP3,CSM,10,ok,241.0,
MRM_BTP3,RBSM,1,ok,241.0,
MRM_BTP3,RBSM,10,ok,241.0,
MRM_BTP6,LCM,1,ok,3320.0,
MRM_BTP6,LCM,10,ok,3320.0,
MRM_BTP6,VAM,1,ok,3320.0,
MRM_BTP6,VAM,10,ok,3320.0,
MRM_BTP6,RAM,1,ok,3520.0,
MRM_BTP6,RAM,10,ok,3520.0,
MRM_BTP6,THP,1,ok,3320.0,
MRM_BTP6,THP,10,ok,3320.0,
MRM_BTP6,TDM1,1,ok,3320.0,
MRM_BTP6,TDM1,10,ok,3320.0,
MRM_BTP6,TDSM,1,ok,3320.0,
MRM_BTP6,TDSM,10,ok,3320.0,
MRM_BTP6,SSM,1,ok,3500.0,
MRM_BTP6,SSM,10,ok,3500.0,
MRM_BTP6,BCE,1,ok,3320.0,
MRM_BTP6,BCE,10,ok,3320.0,
MRM_BTP6,CSM,1,ok,3500.0,
MRM_BTP6,CSM,10,ok,3500.0,
MRM_BTP6,RBSM,1,ok,3500.0,
MRM_BTP6,RBSM,10,ok,3500.0,
MRM_BTP7,LCM,1,ok,1450.0,
MRM_BTP7,LCM,10,ok,1450.0,
MRM_BTP7,VAM,1,ok,1500.0,
MRM_BTP7,VAM,10,ok,1500.0,
MRM_BTP7,RAM,1,ok,1390.0,
MRM_BTP7,RAM,10,ok,1390.0,
MRM_BTP7,THP,1,ok,1390.0,
MRM_BTP7,THP,10,ok,1390.0,
MRM_BTP7,TDM1,1,ok,1440.0,
MRM_BTP7,TDM1,10,ok,1440.0,
MRM_BTP7,TDSM,1,ok,1440.0,
MRM_BTP7,TDSM,10,ok,1440.0,
MRM_BTP7,SSM,1,ok,1450.0,
MRM_BTP7,SSM,10,ok,1450.0,
MRM_BTP7,BCE,1,ok,1450.0,
MRM_BTP7,BCE,10,ok,1450.0,
MRM_BTP7,CSM,1,ok,1450.0,
MRM_BTP7,CSM,10,ok,1450.0,
MRM_BTP7,RBSM,1,ok,1450.0,
MRM_BTP7,RBSM,10,ok,1450.0,
MRM_BTP8,LCM,1,ok,890.0,
MRM_BTP8,LCM,10,ok,890.0,
MRM_BTP8,VAM,1,ok,830.0,
MRM_BTP8,VAM,10,ok,830.0,
MRM_BTP8,RAM,1,ok,830.0,
MRM_BTP8,RAM,10,ok,830.0,
MRM_BTP8,THP,1,ok,890.0,
MRM_BTP8,THP,10,ok,890.0,
MRM_BTP8,TDM1,1,ok,830.0,
MRM_BTP8,TDM1,10,ok,830.0,
MRM_BTP8,TDSM,1,ok,830.0,
MRM_BTP8,TDSM,10,ok,830.0,
MRM_BTP8,SSM,1,ok,830.0,
MRM_BTP8,SSM,10,ok,830.0,
MRM_BTP8,BCE,1,failed,,Repair cycle; no fallback or forced feasibility applied
MRM_BTP8,BCE,10,failed,,Repair cycle; no fallback or forced feasibility applied
MRM_BTP8,CSM,1,ok,830.0,
MRM_BTP8,CSM,10,ok,830.0,
MRM_BTP8,RBSM,1,ok,830.0,
MRM_BTP8,RBSM,10,ok,830.0,
MRM_BTP9,LCM,1,ok,450.0,
MRM_BTP9,LCM,10,ok,450.0,
MRM_BTP9,VAM,1,ok,450.0,
MRM_BTP9,VAM,10,ok,450.0,
MRM_BTP9,RAM,1,ok,460.0,
MRM_BTP9,RAM,10,ok,460.0,
MRM_BTP9,THP,1,ok,450.0,
MRM_BTP9,THP,10,ok,450.0,
MRM_BTP9,TDM1,1,ok,450.0,
MRM_BTP9,TDM1,10,ok,450.0,
MRM_BTP9,TDSM,1,ok,450.0,
MRM_BTP9,TDSM,10,ok,450.0,
MRM_BTP9,SSM,1,ok,440.0,
MRM_BTP9,SSM,10,ok,440.0,
MRM_BTP9,BCE,1,failed,,Repair cycle; no fallback or forced feasibility applied
MRM_BTP9,BCE,10,failed,,Repair cycle; no fallback or forced feasibility applied
MRM_BTP9,CSM,1,ok,440.0,
MRM_BTP9,CSM,10,ok,440.0,
MRM_BTP9,RBSM,1,ok,440.0,
MRM_BTP9,RBSM,10,ok,440.0,
MRM_BTP10,LCM,1,ok,79.0,
MRM_BTP10,LCM,10,ok,79.0,
MRM_BTP10,VAM,1,ok,68.0,
MRM_BTP10,VAM,10,ok,68.0,
MRM_BTP10,RAM,1,ok,68.0,
MRM_BTP10,RAM,10,ok,68.0,
MRM_BTP10,THP,1,ok,77.0,
MRM_BTP10,THP,10,ok,77.0,
MRM_BTP10,TDM1,1,ok,68.0,
MRM_BTP10,TDM1,10,ok,68.0,
MRM_BTP10,TDSM,1,ok,68.0,
MRM_BTP10,TDSM,10,ok,68.0,
MRM_BTP10,SSM,1,ok,68.0,
MRM_BTP10,SSM,10,ok,68.0,
MRM_BTP10,BCE,1,ok,68.0,
MRM_BTP10,BCE,10,ok,68.0,
MRM_BTP10,CSM,1,ok,68.0,
MRM_BTP10,CSM,10,ok,68.0,
MRM_BTP10,RBSM,1,ok,68.0,
MRM_BTP10,RBSM,10,ok,68.0,
MRM_UTP2,LCM,1,ok,14625.0,
MRM_UTP2,LCM,10,ok,14625.0,
MRM_UTP2,VAM,1,ok,13225.0,
MRM_UTP2,VAM,10,ok,13225.0,
MRM_UTP2,RAM,1,ok,12475.0,
MRM_UTP2,RAM,10,ok,12475.0,
MRM_UTP2,THP,1,ok,14750.0,
MRM_UTP2,THP,10,ok,14750.0,
MRM_UTP2,TDM1,1,ok,12925.0,
MRM_UTP2,TDM1,10,ok,12925.0,
MRM_UTP2,TDSM,1,ok,12925.0,
MRM_UTP2,TDSM,10,ok,12925.0,
MRM_UTP2,SSM,1,ok,12475.0,
MRM_UTP2,SSM,10,ok,12475.0,
MRM_UTP2,BCE,1,failed,,BCE unbalanced branch/model not sufficiently unambiguous; no dummy substitution
MRM_UTP2,BCE,10,failed,,BCE unbalanced branch/model not sufficiently unambiguous; no dummy substitution
MRM_UTP2,CSM,1,ok,13350.0,
MRM_UTP2,CSM,10,ok,13350.0,
MRM_UTP2,RBSM,1,ok,13350.0,
MRM_UTP2,RBSM,10,ok,13350.0,
MRM_UTP3,LCM,1,ok,9800.0,
MRM_UTP3,LCM,10,ok,9800.0,
MRM_UTP3,VAM,1,ok,9200.0,
MRM_UTP3,VAM,10,ok,9200.0,
MRM_UTP3,RAM,1,ok,9300.0,
MRM_UTP3,RAM,10,ok,9300.0,
MRM_UTP3,THP,1,ok,10700.0,
MRM_UTP3,THP,10,ok,10700.0,
MRM_UTP3,TDM1,1,ok,9200.0,
MRM_UTP3,TDM1,10,ok,9200.0,
MRM_UTP3,TDSM,1,ok,9200.0,
MRM_UTP3,TDSM,10,ok,9200.0,
MRM_UTP3,SSM,1,ok,9200.0,
MRM_UTP3,SSM,10,ok,9200.0,
MRM_UTP3,BCE,1,failed,,BCE unbalanced branch/model not sufficiently unambiguous; no dummy substitution
MRM_UTP3,BCE,10,failed,,BCE unbalanced branch/model not sufficiently unambiguous; no dummy substitution
MRM_UTP3,CSM,1,ok,9200.0,
MRM_UTP3,CSM,10,ok,9200.0,
MRM_UTP3,RBSM,1,ok,9200.0,
MRM_UTP3,RBSM,10,ok,9200.0,
