problem,method,optimal,cost,status,basic,gap,gap_pct,accuracy,optimal_hit,seconds,error
E19_Srinivasan,NWCM,880.0,1255.0,ok,True,375.0,42.61363636363637,70.11952191235059,False,0.0003055000015592668,
E19_Srinivasan,LCM,880.0,1075.0,ok,True,195.0,22.15909090909091,81.86046511627907,False,0.00012680000145337544,
E19_Srinivasan,VAM,880.0,955.0,ok,True,75.0,8.522727272727273,92.14659685863874,False,0.00025009999808389693,
E19_Srinivasan,LDVAM,880.0,955.0,ok,True,75.0,8.522727272727273,92.14659685863874,False,0.00020500000027823262,
E19_Srinivasan,RAM,880.0,1000.0,ok,True,120.0,13.636363636363637,88.0,False,0.00017250000018975697,
E19_Srinivasan,TDM1,880.0,880.0,ok,True,0.0,0.0,100.0,True,0.0001781999999366235,
E19_Srinivasan,TDM2,880.0,880.0,ok,True,0.0,0.0,100.0,True,0.0004123999970033765,
E19_Srinivasan,TDSM,880.0,880.0,ok,True,0.0,0.0,100.0,True,0.00020339999900897965,
E19_Srinivasan,THP,880.0,910.0,ok,True,30.0,3.409090909090909,96.7032967032967,False,0.00041480000072624534,
E19_Srinivasan,SSM,880.0,880.0,ok,True,0.0,0.0,100.0,True,0.0003825999992841389,
E19_Srinivasan,CSM,880.0,880.0,ok,True,0.0,0.0,100.0,True,0.00014340000052470714,
E19_Srinivasan,RBSM,880.0,880.0,ok,True,0.0,0.0,100.0,True,0.0001264000020455569,
E19_Srinivasan,BCE,880.0,880.0,ok,True,0.0,0.0,100.0,True,0.00012070000229869038,
E19_Srinivasan,MRM,880.0,910.0,ok,True,30.0,3.409090909090909,96.7032967032967,False,0.00011760000052163377,
E19_Srinivasan,LCM_tie_allocation,880.0,1075.0,ok,True,195.0,22.15909090909091,81.86046511627907,False,0.00012159999823779799,
E19_Srinivasan,VAM_tie_cost,880.0,955.0,ok,True,75.0,8.522727272727273,92.14659685863874,False,0.0029748000015388243,
E19_Srinivasan,VAM_tie_allocation,880.0,955.0,ok,True,75.0,8.522727272727273,92.14659685863874,False,0.00021779999951831996,
E19_Srinivasan,VAM_penalty_sqrtA,880.0,955.0,ok,True,75.0,8.522727272727273,92.14659685863874,False,0.00022589999935007654,
E19_Srinivasan,VAM_penalty_A,880.0,955.0,ok,True,75.0,8.522727272727273,92.14659685863874,False,0.000194500000361586,
E19_Srinivasan,TDSM_theta1_5,880.0,880.0,ok,True,0.0,0.0,100.0,True,0.00017109999680542387,
E19_Srinivasan,LCM_top2_product,880.0,1075.0,ok,True,195.0,22.15909090909091,81.86046511627907,False,0.00012830000196117908,
E19_Srinivasan,LCM_top2_LB,880.0,1075.0,ok,True,195.0,22.15909090909091,81.86046511627907,False,0.0003003999991051387,
E19_Srinivasan,VAM_top2_LB,880.0,1075.0,ok,True,195.0,22.15909090909091,81.86046511627907,False,0.0003806000022450462,
E19_Srinivasan,THP_top2_LB,880.0,910.0,ok,True,30.0,3.409090909090909,96.7032967032967,False,0.0005176000013307203,
E19_Srinivasan,LCM_top2_rollout,880.0,985.0,ok,True,105.0,11.931818181818182,89.34010152284264,False,0.0007044000012683682,
E19_Srinivasan,LCM_top3_rollout,880.0,910.0,ok,True,30.0,3.409090909090909,96.7032967032967,False,0.0007355000016104896,
E19_Srinivasan,VAM_top2_rollout,880.0,910.0,ok,True,30.0,3.409090909090909,96.7032967032967,False,0.0012458000019250903,
E19_Srinivasan,VAM_top3_rollout,880.0,910.0,ok,True,30.0,3.409090909090909,96.7032967032967,False,0.0010975000004691537,
E19_Srinivasan,THP_top2_rollout,880.0,910.0,ok,True,30.0,3.409090909090909,96.7032967032967,False,0.000853000001370674,
E19_Srinivasan,THP_top3_rollout,880.0,910.0,ok,True,30.0,3.409090909090909,96.7032967032967,False,0.0008834000000206288,
E19_Srinivasan,THP_top2_LCMcompletion,880.0,910.0,ok,True,30.0,3.409090909090909,96.7032967032967,False,0.0006625999994867016,
E19_Srinivasan,VAM_top2_first_only,880.0,910.0,ok,True,30.0,3.409090909090909,96.7032967032967,False,0.0006762999983038753,
E19_Srinivasan,THP_top2_first_only,880.0,910.0,ok,True,30.0,3.409090909090909,96.7032967032967,False,0.0005314000009093434,
E19_Srinivasan,VAM_tieA_top2_rollout,880.0,910.0,ok,True,30.0,3.409090909090909,96.7032967032967,False,0.0008487000013701618,
E19_Srinivasan,MRM_orientation_ensemble,880.0,910.0,ok,True,30.0,3.409090909090909,96.7032967032967,False,0.0002825999981723726,
E19_Srinivasan,LCM_score_alpha025,880.0,1605.0,ok,True,725.0,82.38636363636364,54.82866043613707,False,0.0002525000018067658,
E19_Srinivasan,LCM_score_alpha050,880.0,955.0,ok,True,75.0,8.522727272727273,92.14659685863874,False,0.00021750000087195076,
E19_Srinivasan,LCM_score_alpha075,880.0,1075.0,ok,True,195.0,22.15909090909091,81.86046511627907,False,0.00021070000002509914,
E19_Srinivasan,JHM_single,880.0,,unverified,,,,,,6.310000026132911e-05,Multiple excess rows after initialization: original dependency branch not verified
E19_Srinivasan,JHM_cap_receiver,880.0,,unverified,,,,,,3.0100000003585592e-05,Multiple excess rows after initialization: original dependency branch not verified
E19_Srinivasan,JHM_net_tie,880.0,,unverified,,,,,,2.5600002118153498e-05,Multiple excess rows after initialization: original dependency branch not verified
E19_Srinivasan,JHM_cap_net_tie,880.0,,unverified,,,,,,2.3899996449472383e-05,Multiple excess rows after initialization: original dependency branch not verified
E19_Srinivasan,JHM_top2_completion,880.0,,unverified,,,,,,2.5000001187436283e-05,Multiple excess rows after initialization: original dependency branch not verified
E19_Sen,NWCM,2146750.0,2174000.0,ok,True,27250.0,1.2693606614650053,98.74655013799448,False,0.00018700000146054663,
E19_Sen,LCM,2146750.0,2383250.0,ok,True,236500.0,11.01665308023757,90.07657610405958,False,0.0001663999973970931,
E19_Sen,VAM,2146750.0,2164000.0,ok,True,17250.0,0.8035402352393153,99.202865064695,False,0.0003372000028321054,
E19_Sen,LDVAM,2146750.0,2164000.0,ok,True,17250.0,0.8035402352393153,99.202865064695,False,0.0003285999991931021,
E19_Sen,RAM,2146750.0,2200000.0,ok,True,53250.0,2.4804937696517992,97.57954545454545,False,0.00026310000248486176,
E19_Sen,TDM1,2146750.0,2158500.0,ok,True,11750.0,0.5473390008151857,99.45564049108177,False,0.0002647000001161359,
E19_Sen,TDM2,2146750.0,2158500.0,ok,True,11750.0,0.5473390008151857,99.45564049108177,False,0.0004195000001345761,
E19_Sen,TDSM,2146750.0,2158500.0,ok,True,11750.0,0.5473390008151857,99.45564049108177,False,0.00030649999825982377,
E19_Sen,THP,2146750.0,2301350.0,ok,True,154600.0,7.201583789449168,93.28220392378387,False,0.00036779999936698005,
E19_Sen,SSM,2146750.0,2286100.0,ok,True,139350.0,6.4912076394549905,93.90446612134203,False,0.00031460000172955915,
E19_Sen,CSM,2146750.0,2210500.0,ok,True,63750.0,2.9696052171887737,97.11603709567972,False,0.00019039999824599363,
E19_Sen,RBSM,2146750.0,2210500.0,ok,True,63750.0,2.9696052171887737,97.11603709567972,False,0.00018799999816110358,
E19_Sen,BCE,2146750.0,,failed,,,,,,7.700000423938036e-06,NotImplementedError: BCE unbalanced branch/model not sufficiently unambiguous; no dummy substitution
E19_Sen,MRM,2146750.0,2159500.0,ok,True,12750.0,0.5939210434377548,99.40958555221115,False,0.00042800000301213004,
E19_Sen,LCM_tie_allocation,2146750.0,2404500.0,ok,True,257750.0,12.00652148596716,89.28051569972968,False,0.00019040000188397244,
E19_Sen,VAM_tie_cost,2146750.0,2164000.0,ok,True,17250.0,0.8035402352393153,99.202865064695,False,0.0005595000002358574,
E19_Sen,VAM_tie_allocation,2146750.0,2164000.0,ok,True,17250.0,0.8035402352393153,99.202865064695,False,0.00035060000300290994,
E19_Sen,VAM_penalty_sqrtA,2146750.0,2322000.0,ok,True,175250.0,8.163502969605217,92.4526270456503,False,0.00035060000300290994,
E19_Sen,VAM_penalty_A,2146750.0,2322000.0,ok,True,175250.0,8.163502969605217,92.4526270456503,False,0.00034559999767225236,
E19_Sen,TDSM_theta1_5,2146750.0,2158500.0,ok,True,11750.0,0.5473390008151857,99.45564049108177,False,0.0002888999988499563,
E19_Sen,LCM_top2_product,2146750.0,2402250.0,ok,True,255500.0,11.901711890066379,89.36413778749089,False,0.00023409999994328246,
E19_Sen,LCM_top2_LB,2146750.0,2387000.0,ok,True,240250.0,11.191335740072201,89.93506493506493,False,0.0004411000008985866,
E19_Sen,VAM_top2_LB,2146750.0,2164000.0,ok,True,17250.0,0.8035402352393153,99.202865064695,False,0.0008511000014550518,
E19_Sen,THP_top2_LB,2146750.0,2301350.0,ok,True,154600.0,7.201583789449168,93.28220392378387,False,0.0008850999984133523,
E19_Sen,LCM_top2_rollout,2146750.0,2319500.0,ok,True,172750.0,8.047047863048794,92.55227419702523,False,0.0012587999990500975,
E19_Sen,LCM_top3_rollout,2146750.0,2246500.0,ok,True,99750.0,4.646558751601257,95.55975962608503,False,0.0011993999978585634,
E19_Sen,VAM_top2_rollout,2146750.0,2159500.0,ok,True,12750.0,0.5939210434377548,99.40958555221115,False,0.0023722000005363952,
E19_Sen,VAM_top3_rollout,2146750.0,2158500.0,ok,True,11750.0,0.5473390008151857,99.45564049108177,False,0.002958499997475883,
E19_Sen,THP_top2_rollout,2146750.0,2159500.0,ok,True,12750.0,0.5939210434377548,99.40958555221115,False,0.002298000003065681,
E19_Sen,THP_top3_rollout,2146750.0,2159500.0,ok,True,12750.0,0.5939210434377548,99.40958555221115,False,0.002738400002272101,
E19_Sen,THP_top2_LCMcompletion,2146750.0,2158500.0,ok,True,11750.0,0.5473390008151857,99.45564049108177,False,0.0011109999977634288,
E19_Sen,VAM_top2_first_only,2146750.0,2164000.0,ok,True,17250.0,0.8035402352393153,99.202865064695,False,0.0008054999998421408,
E19_Sen,THP_top2_first_only,2146750.0,2163200.0,ok,True,16450.0,0.76627460114126,99.2395525147929,False,0.0006613999976252671,
E19_Sen,VAM_tieA_top2_rollout,2146750.0,2159500.0,ok,True,12750.0,0.5939210434377548,99.40958555221115,False,0.002604999997856794,
E19_Sen,MRM_orientation_ensemble,2146750.0,2159500.0,ok,True,12750.0,0.5939210434377548,99.40958555221115,False,0.000537899999471847,
E19_Sen,LCM_score_alpha025,2146750.0,2412000.0,ok,True,265250.0,12.355886805636427,89.00290215588723,False,0.00034619999860296957,
E19_Sen,LCM_score_alpha050,2146750.0,2412000.0,ok,True,265250.0,12.355886805636427,89.00290215588723,False,0.0006253999999898952,
E19_Sen,LCM_score_alpha075,2146750.0,2404500.0,ok,True,257750.0,12.00652148596716,89.28051569972968,False,0.0004988000000594184,
E19_Sen,JHM_single,2146750.0,2146750.0,ok,True,0.0,0.0,100.0,True,0.0002815000007103663,
E19_Sen,JHM_cap_receiver,2146750.0,2159500.0,ok,True,12750.0,0.5939210434377548,99.40958555221115,False,0.00036719999843626283,
E19_Sen,JHM_net_tie,2146750.0,2146750.0,ok,True,0.0,0.0,100.0,True,0.00022759999774280004,
E19_Sen,JHM_cap_net_tie,2146750.0,2159500.0,ok,True,12750.0,0.5939210434377548,99.40958555221115,False,0.0002443000012135599,
E19_Sen,JHM_top2_completion,2146750.0,2146750.0,ok,True,0.0,0.0,100.0,True,0.0005581000004895031,
E19_Deshmukh_literal,NWCM,743.0,1483.0,ok,True,740.0,99.59623149394348,50.101146325016856,False,0.00022960000205785036,
E19_Deshmukh_literal,LCM,743.0,814.0,ok,True,71.0,9.55585464333782,91.27764127764128,False,0.00015669999993406236,
E19_Deshmukh_literal,VAM,743.0,883.0,ok,True,140.0,18.842530282637956,84.14496036240091,False,0.0002705000006244518,
E19_Deshmukh_literal,LDVAM,743.0,883.0,ok,True,140.0,18.842530282637956,84.14496036240091,False,0.0005053000022599008,
E19_Deshmukh_literal,RAM,743.0,993.0,ok,True,250.0,33.64737550471063,74.82376636455186,False,0.00021999999808031134,
E19_Deshmukh_literal,TDM1,743.0,779.0,ok,True,36.0,4.8452220726783315,95.37869062901156,False,0.00021149999884073623,
E19_Deshmukh_literal,TDM2,743.0,883.0,ok,True,140.0,18.842530282637956,84.14496036240091,False,0.00027179999960935675,
E19_Deshmukh_literal,TDSM,743.0,781.0,ok,True,38.0,5.114401076716016,95.13444302176697,False,0.00020869999934802763,
E19_Deshmukh_literal,THP,743.0,814.0,ok,True,71.0,9.55585464333782,91.27764127764128,False,0.0004537999993772246,
E19_Deshmukh_literal,SSM,743.0,814.0,ok,True,71.0,9.55585464333782,91.27764127764128,False,0.00016390000018873252,
E19_Deshmukh_literal,CSM,743.0,814.0,ok,True,71.0,9.55585464333782,91.27764127764128,False,0.00015079999866429716,
E19_Deshmukh_literal,RBSM,743.0,814.0,ok,True,71.0,9.55585464333782,91.27764127764128,False,0.00015309999798773788,
E19_Deshmukh_literal,BCE,743.0,,failed,,,,,,6.100002792663872e-06,NotImplementedError: BCE unbalanced branch/model not sufficiently unambiguous; no dummy substitution
E19_Deshmukh_literal,MRM,743.0,781.0,ok,True,38.0,5.114401076716016,95.13444302176697,False,0.0001154000019596424,
E19_Deshmukh_literal,LCM_tie_allocation,743.0,814.0,ok,True,71.0,9.55585464333782,91.27764127764128,False,0.00013409999883151613,
E19_Deshmukh_literal,VAM_tie_cost,743.0,883.0,ok,True,140.0,18.842530282637956,84.14496036240091,False,0.00030300000071292743,
E19_Deshmukh_literal,VAM_tie_allocation,743.0,883.0,ok,True,140.0,18.842530282637956,84.14496036240091,False,0.0002595000005385373,
E19_Deshmukh_literal,VAM_penalty_sqrtA,743.0,779.0,ok,True,36.0,4.8452220726783315,95.37869062901156,False,0.0002590000003692694,
E19_Deshmukh_literal,VAM_penalty_A,743.0,779.0,ok,True,36.0,4.8452220726783315,95.37869062901156,False,0.0004771000021719374,
E19_Deshmukh_literal,TDSM_theta1_5,743.0,781.0,ok,True,38.0,5.114401076716016,95.13444302176697,False,0.00045360000149230473,
E19_Deshmukh_literal,LCM_top2_product,743.0,814.0,ok,True,71.0,9.55585464333782,91.27764127764128,False,0.0002440999996906612,
E19_Deshmukh_literal,LCM_top2_LB,743.0,779.0,ok,True,36.0,4.8452220726783315,95.37869062901156,False,0.00041649999911896884,
E19_Deshmukh_literal,VAM_top2_LB,743.0,883.0,ok,True,140.0,18.842530282637956,84.14496036240091,False,0.0004655999982787762,
E19_Deshmukh_literal,THP_top2_LB,743.0,883.0,ok,True,140.0,18.842530282637956,84.14496036240091,False,0.0006094000018492807,
E19_Deshmukh_literal,LCM_top2_rollout,743.0,779.0,ok,True,36.0,4.8452220726783315,95.37869062901156,False,0.0010308999990229495,
E19_Deshmukh_literal,LCM_top3_rollout,743.0,779.0,ok,True,36.0,4.8452220726783315,95.37869062901156,False,0.0008869000012055039,
E19_Deshmukh_literal,VAM_top2_rollout,743.0,779.0,ok,True,36.0,4.8452220726783315,95.37869062901156,False,0.001152200002252357,
E19_Deshmukh_literal,VAM_top3_rollout,743.0,779.0,ok,True,36.0,4.8452220726783315,95.37869062901156,False,0.0015805000002728775,
E19_Deshmukh_literal,THP_top2_rollout,743.0,743.0,ok,True,0.0,0.0,100.0,True,0.0013079999989713542,
E19_Deshmukh_literal,THP_top3_rollout,743.0,743.0,ok,True,0.0,0.0,100.0,True,0.004321899999922607,
E19_Deshmukh_literal,THP_top2_LCMcompletion,743.0,743.0,ok,True,0.0,0.0,100.0,True,0.0008601000008638948,
E19_Deshmukh_literal,VAM_top2_first_only,743.0,779.0,ok,True,36.0,4.8452220726783315,95.37869062901156,False,0.00043300000106683,
E19_Deshmukh_literal,THP_top2_first_only,743.0,814.0,ok,True,71.0,9.55585464333782,91.27764127764128,False,0.00044430000343709253,
E19_Deshmukh_literal,VAM_tieA_top2_rollout,743.0,779.0,ok,True,36.0,4.8452220726783315,95.37869062901156,False,0.00151680000271881,
E19_Deshmukh_literal,MRM_orientation_ensemble,743.0,743.0,ok,True,0.0,0.0,100.0,True,0.0005631000021821819,
E19_Deshmukh_literal,LCM_score_alpha025,743.0,779.0,ok,True,36.0,4.8452220726783315,95.37869062901156,False,0.0002851999997801613,
E19_Deshmukh_literal,LCM_score_alpha050,743.0,814.0,ok,True,71.0,9.55585464333782,91.27764127764128,False,0.0002716000017244369,
E19_Deshmukh_literal,LCM_score_alpha075,743.0,814.0,ok,True,71.0,9.55585464333782,91.27764127764128,False,0.00026050000087707303,
E19_Deshmukh_literal,JHM_single,743.0,883.0,ok,True,140.0,18.842530282637956,84.14496036240091,False,0.00037169999995967373,
E19_Deshmukh_literal,JHM_cap_receiver,743.0,814.0,ok,True,71.0,9.55585464333782,91.27764127764128,False,0.00024900000062189065,
E19_Deshmukh_literal,JHM_net_tie,743.0,883.0,ok,True,140.0,18.842530282637956,84.14496036240091,False,0.0002477999987604562,
E19_Deshmukh_literal,JHM_cap_net_tie,743.0,814.0,ok,True,71.0,9.55585464333782,91.27764127764128,False,0.00022370000078808516,
E19_Deshmukh_literal,JHM_top2_completion,743.0,743.0,ok,True,0.0,0.0,100.0,True,0.0009737999971548561,
E19_Ramadan,NWCM,5600.0,5600.0,ok,True,0.0,0.0,100.0,True,0.0001432999997632578,
E19_Ramadan,LCM,5600.0,5600.0,ok,True,0.0,0.0,100.0,True,0.00010410000322735868,
E19_Ramadan,VAM,5600.0,5600.0,ok,True,0.0,0.0,100.0,True,0.00018450000061420724,
E19_Ramadan,LDVAM,5600.0,5600.0,ok,True,0.0,0.0,100.0,True,0.0001663999973970931,
E19_Ramadan,RAM,5600.0,5600.0,ok,True,0.0,0.0,100.0,True,0.00014029999874765053,
E19_Ramadan,TDM1,5600.0,5600.0,ok,True,0.0,0.0,100.0,True,0.0001339999980700668,
E19_Ramadan,TDM2,5600.0,5600.0,ok,True,0.0,0.0,100.0,True,0.0001846999984991271,
E19_Ramadan,TDSM,5600.0,5600.0,ok,True,0.0,0.0,100.0,True,0.00014880000162520446,
E19_Ramadan,THP,5600.0,5600.0,ok,True,0.0,0.0,100.0,True,0.00016570000298088416,
E19_Ramadan,SSM,5600.0,5600.0,ok,True,0.0,0.0,100.0,True,0.00010149999798159115,
E19_Ramadan,CSM,5600.0,5600.0,ok,True,0.0,0.0,100.0,True,7.860000187065452e-05,
E19_Ramadan,RBSM,5600.0,5600.0,ok,True,0.0,0.0,100.0,True,7.650000043213367e-05,
E19_Ramadan,BCE,5600.0,5600.0,ok,True,0.0,0.0,100.0,True,8.119999984046444e-05,
E19_Ramadan,MRM,5600.0,5600.0,ok,True,0.0,0.0,100.0,True,8.610000077169389e-05,
E19_Ramadan,LCM_tie_allocation,5600.0,5600.0,ok,True,0.0,0.0,100.0,True,9.619999764254317e-05,
E19_Ramadan,VAM_tie_cost,5600.0,5600.0,ok,True,0.0,0.0,100.0,True,0.00038670000139973126,
E19_Ramadan,VAM_tie_allocation,5600.0,5600.0,ok,True,0.0,0.0,100.0,True,0.00035150000257999636,
E19_Ramadan,VAM_penalty_sqrtA,5600.0,5600.0,ok,True,0.0,0.0,100.0,True,0.000545599999895785,
E19_Ramadan,VAM_penalty_A,5600.0,5600.0,ok,True,0.0,0.0,100.0,True,0.00018210000052931719,
E19_Ramadan,TDSM_theta1_5,5600.0,5600.0,ok,True,0.0,0.0,100.0,True,0.00051059999896097,
E19_Ramadan,LCM_top2_product,5600.0,5600.0,ok,True,0.0,0.0,100.0,True,0.00011989999984507449,
E19_Ramadan,LCM_top2_LB,5600.0,5600.0,ok,True,0.0,0.0,100.0,True,0.0008917999984987546,
E19_Ramadan,VAM_top2_LB,5600.0,5600.0,ok,True,0.0,0.0,100.0,True,0.0009105999997700565,
E19_Ramadan,THP_top2_LB,5600.0,5600.0,ok,True,0.0,0.0,100.0,True,0.00037570000131381676,
E19_Ramadan,LCM_top2_rollout,5600.0,5600.0,ok,True,0.0,0.0,100.0,True,0.00032479999936185777,
E19_Ramadan,LCM_top3_rollout,5600.0,5600.0,ok,True,0.0,0.0,100.0,True,0.0005768000009993557,
E19_Ramadan,VAM_top2_rollout,5600.0,5600.0,ok,True,0.0,0.0,100.0,True,0.00102100000003702,
E19_Ramadan,VAM_top3_rollout,5600.0,5600.0,ok,True,0.0,0.0,100.0,True,0.0010566000019025523,
E19_Ramadan,THP_top2_rollout,5600.0,5600.0,ok,True,0.0,0.0,100.0,True,0.0007435999978042673,
E19_Ramadan,THP_top3_rollout,5600.0,5600.0,ok,True,0.0,0.0,100.0,True,0.0007451999990735203,
E19_Ramadan,THP_top2_LCMcompletion,5600.0,5600.0,ok,True,0.0,0.0,100.0,True,0.00043759999971371144,
E19_Ramadan,VAM_top2_first_only,5600.0,5600.0,ok,True,0.0,0.0,100.0,True,0.0002652000002854038,
E19_Ramadan,THP_top2_first_only,5600.0,5600.0,ok,True,0.0,0.0,100.0,True,0.00028340000062598847,
E19_Ramadan,VAM_tieA_top2_rollout,5600.0,5600.0,ok,True,0.0,0.0,100.0,True,0.0006118999990576413,
E19_Ramadan,MRM_orientation_ensemble,5600.0,5600.0,ok,True,0.0,0.0,100.0,True,0.0004957000019203406,
E19_Ramadan,LCM_score_alpha025,5600.0,7600.0,ok,True,2000.0,35.714285714285715,73.6842105263158,False,0.0004821999973501079,
E19_Ramadan,LCM_score_alpha050,5600.0,6880.0,ok,True,1280.0,22.857142857142858,81.3953488372093,False,0.0005567000007431488,
E19_Ramadan,LCM_score_alpha075,5600.0,5600.0,ok,True,0.0,0.0,100.0,True,0.0007418000022880733,
E19_Ramadan,JHM_single,5600.0,5600.0,ok,True,0.0,0.0,100.0,True,0.00019210000027669594,
E19_Ramadan,JHM_cap_receiver,5600.0,6880.0,ok,True,1280.0,22.857142857142858,81.3953488372093,False,0.00015270000221789815,
E19_Ramadan,JHM_net_tie,5600.0,5600.0,ok,True,0.0,0.0,100.0,True,0.00011610000001383014,
E19_Ramadan,JHM_cap_net_tie,5600.0,6880.0,ok,True,1280.0,22.857142857142858,81.3953488372093,False,0.00013649999891640618,
E19_Ramadan,JHM_top2_completion,5600.0,5600.0,ok,True,0.0,0.0,100.0,True,0.0002801999980874825,
E19_Kulkarni,NWCM,840.0,1010.0,ok,True,170.0,20.238095238095237,83.16831683168317,False,0.00015830000120331533,
E19_Kulkarni,LCM,840.0,1210.0,ok,True,370.0,44.04761904761905,69.42148760330579,False,0.00014229999942472205,
E19_Kulkarni,VAM,840.0,880.0,ok,True,40.0,4.761904761904762,95.45454545454545,False,0.0002562000008765608,
E19_Kulkarni,LDVAM,840.0,880.0,ok,True,40.0,4.761904761904762,95.45454545454545,False,0.00025239999740733765,
E19_Kulkarni,RAM,840.0,840.0,ok,True,0.0,0.0,100.0,True,0.0002100000019709114,
E19_Kulkarni,TDM1,840.0,980.0,ok,True,140.0,16.666666666666668,85.71428571428571,False,0.00022030000036465935,
E19_Kulkarni,TDM2,840.0,980.0,ok,True,140.0,16.666666666666668,85.71428571428571,False,0.00040689999877940863,
E19_Kulkarni,TDSM,840.0,950.0,ok,True,110.0,13.095238095238095,88.42105263157895,False,0.00024370000028284267,
E19_Kulkarni,THP,840.0,1070.0,ok,True,230.0,27.38095238095238,78.50467289719626,False,0.0004762999997183215,
E19_Kulkarni,SSM,840.0,860.0,ok,True,20.0,2.380952380952381,97.67441860465117,False,0.0001548000000184402,
E19_Kulkarni,CSM,840.0,840.0,ok,True,0.0,0.0,100.0,True,0.00019699999756994657,
E19_Kulkarni,RBSM,840.0,900.0,ok,True,60.0,7.142857142857143,93.33333333333333,False,0.00014829999781795777,
E19_Kulkarni,BCE,840.0,,failed,,,,,,7.400001777568832e-06,NotImplementedError: BCE unbalanced branch/model not sufficiently unambiguous; no dummy substitution
E19_Kulkarni,MRM,840.0,840.0,ok,True,0.0,0.0,100.0,True,0.00012139999671489932,
E19_Kulkarni,LCM_tie_allocation,840.0,990.0,ok,True,150.0,17.857142857142858,84.84848484848484,False,0.00014250000094762072,
E19_Kulkarni,VAM_tie_cost,840.0,880.0,ok,True,40.0,4.761904761904762,95.45454545454545,False,0.0002504999974917155,
E19_Kulkarni,VAM_tie_allocation,840.0,880.0,ok,True,40.0,4.761904761904762,95.45454545454545,False,0.0002592000018921681,
E19_Kulkarni,VAM_penalty_sqrtA,840.0,880.0,ok,True,40.0,4.761904761904762,95.45454545454545,False,0.00027230000341660343,
E19_Kulkarni,VAM_penalty_A,840.0,880.0,ok,True,40.0,4.761904761904762,95.45454545454545,False,0.00024050000138231553,
E19_Kulkarni,TDSM_theta1_5,840.0,980.0,ok,True,140.0,16.666666666666668,85.71428571428571,False,0.00020959999892511405,
E19_Kulkarni,LCM_top2_product,840.0,1210.0,ok,True,370.0,44.04761904761905,69.42148760330579,False,0.000158200000441866,
E19_Kulkarni,LCM_top2_LB,840.0,1070.0,ok,True,230.0,27.38095238095238,78.50467289719626,False,0.0003346999983477872,
E19_Kulkarni,VAM_top2_LB,840.0,880.0,ok,True,40.0,4.761904761904762,95.45454545454545,False,0.0004462000033527147,
E19_Kulkarni,THP_top2_LB,840.0,1070.0,ok,True,230.0,27.38095238095238,78.50467289719626,False,0.0004895000020042062,
E19_Kulkarni,LCM_top2_rollout,840.0,980.0,ok,True,140.0,16.666666666666668,85.71428571428571,False,0.0005643000004056375,
E19_Kulkarni,LCM_top3_rollout,840.0,880.0,ok,True,40.0,4.761904761904762,95.45454545454545,False,0.0007194999998318963,
E19_Kulkarni,VAM_top2_rollout,840.0,880.0,ok,True,40.0,4.761904761904762,95.45454545454545,False,0.0011586999971768819,
E19_Kulkarni,VAM_top3_rollout,840.0,880.0,ok,True,40.0,4.761904761904762,95.45454545454545,False,0.0016324000025633723,
E19_Kulkarni,THP_top2_rollout,840.0,990.0,ok,True,150.0,17.857142857142858,84.84848484848484,False,0.001748900001985021,
E19_Kulkarni,THP_top3_rollout,840.0,990.0,ok,True,150.0,17.857142857142858,84.84848484848484,False,0.0012683999993896578,
E19_Kulkarni,THP_top2_LCMcompletion,840.0,990.0,ok,True,150.0,17.857142857142858,84.84848484848484,False,0.0006986000007600524,
E19_Kulkarni,VAM_top2_first_only,840.0,880.0,ok,True,40.0,4.761904761904762,95.45454545454545,False,0.0004030999989481643,
E19_Kulkarni,THP_top2_first_only,840.0,990.0,ok,True,150.0,17.857142857142858,84.84848484848484,False,0.0006293999977060594,
E19_Kulkarni,VAM_tieA_top2_rollout,840.0,880.0,ok,True,40.0,4.761904761904762,95.45454545454545,False,0.0012275999979465269,
E19_Kulkarni,MRM_orientation_ensemble,840.0,840.0,ok,True,0.0,0.0,100.0,True,0.000361700000212295,
E19_Kulkarni,LCM_score_alpha025,840.0,1350.0,ok,True,510.0,60.714285714285715,62.22222222222222,False,0.0002585000002000015,
E19_Kulkarni,LCM_score_alpha050,840.0,1310.0,ok,True,470.0,55.95238095238095,64.12213740458016,False,0.0002480000002833549,
E19_Kulkarni,LCM_score_alpha075,840.0,1210.0,ok,True,370.0,44.04761904761905,69.42148760330579,False,0.0002998000018124003,
E19_Kulkarni,JHM_single,840.0,,unverified,,,,,,5.619999865302816e-05,Multiple excess rows after initialization: original dependency branch not verified
E19_Kulkarni,JHM_cap_receiver,840.0,,unverified,,,,,,3.769999966607429e-05,Multiple excess rows after initialization: original dependency branch not verified
E19_Kulkarni,JHM_net_tie,840.0,,unverified,,,,,,3.380000271135941e-05,Multiple excess rows after initialization: original dependency branch not verified
E19_Kulkarni,JHM_cap_net_tie,840.0,,unverified,,,,,,3.2500000088475645e-05,Multiple excess rows after initialization: original dependency branch not verified
E19_Kulkarni,JHM_top2_completion,840.0,,unverified,,,,,,3.159999687341042e-05,Multiple excess rows after initialization: original dependency branch not verified
E19_Schrenk,NWCM,59.0,64.0,ok,True,5.0,8.474576271186441,92.1875,False,0.00037629999860655516,
E19_Schrenk,LCM,59.0,69.0,ok,True,10.0,16.949152542372882,85.5072463768116,False,0.0001598999988345895,
E19_Schrenk,VAM,59.0,59.0,ok,True,0.0,0.0,100.0,True,0.00021609999748761766,
E19_Schrenk,LDVAM,59.0,59.0,ok,True,0.0,0.0,100.0,True,0.0002027000009547919,
E19_Schrenk,RAM,59.0,64.0,ok,True,5.0,8.474576271186441,92.1875,False,0.00016540000069653615,
E19_Schrenk,TDM1,59.0,59.0,ok,True,0.0,0.0,100.0,True,0.00017359999765176326,
E19_Schrenk,TDM2,59.0,59.0,ok,True,0.0,0.0,100.0,True,0.00022950000129640102,
E19_Schrenk,TDSM,59.0,59.0,ok,True,0.0,0.0,100.0,True,0.0001747999995131977,
E19_Schrenk,THP,59.0,69.0,ok,True,10.0,16.949152542372882,85.5072463768116,False,0.0001993000005313661,
E19_Schrenk,SSM,59.0,69.0,ok,True,10.0,16.949152542372882,85.5072463768116,False,0.00010750000001280569,
E19_Schrenk,CSM,59.0,63.0,ok,True,4.0,6.779661016949152,93.65079365079364,False,0.00010069999916595407,
E19_Schrenk,RBSM,59.0,63.0,ok,True,4.0,6.779661016949152,93.65079365079364,False,0.00010109999857377261,
E19_Schrenk,BCE,59.0,69.0,ok,True,10.0,16.949152542372882,85.5072463768116,False,0.00011300000187475234,
E19_Schrenk,MRM,59.0,59.0,ok,True,0.0,0.0,100.0,True,9.689999933470972e-05,
E19_Schrenk,LCM_tie_allocation,59.0,69.0,ok,True,10.0,16.949152542372882,85.5072463768116,False,0.00010750000001280569,
E19_Schrenk,VAM_tie_cost,59.0,59.0,ok,True,0.0,0.0,100.0,True,0.00018900000213761814,
E19_Schrenk,VAM_tie_allocation,59.0,59.0,ok,True,0.0,0.0,100.0,True,0.00019220000103814527,
E19_Schrenk,VAM_penalty_sqrtA,59.0,59.0,ok,True,0.0,0.0,100.0,True,0.00019470000188448466,
E19_Schrenk,VAM_penalty_A,59.0,59.0,ok,True,0.0,0.0,100.0,True,0.00018990000171470456,
E19_Schrenk,TDSM_theta1_5,59.0,59.0,ok,True,0.0,0.0,100.0,True,0.0001770999988366384,
E19_Schrenk,LCM_top2_product,59.0,69.0,ok,True,10.0,16.949152542372882,85.5072463768116,False,0.00012559999959194101,
E19_Schrenk,LCM_top2_LB,59.0,60.0,ok,True,1.0,1.694915254237288,98.33333333333333,False,0.000274800000624964,
E19_Schrenk,VAM_top2_LB,59.0,61.0,ok,True,2.0,3.389830508474576,96.72131147540983,False,0.0006274999977904372,
E19_Schrenk,THP_top2_LB,59.0,60.0,ok,True,1.0,1.694915254237288,98.33333333333333,False,0.000396399998862762,
E19_Schrenk,LCM_top2_rollout,59.0,69.0,ok,True,10.0,16.949152542372882,85.5072463768116,False,0.000625900000159163,
E19_Schrenk,LCM_top3_rollout,59.0,59.0,ok,True,0.0,0.0,100.0,True,0.0005519999976968393,
E19_Schrenk,VAM_top2_rollout,59.0,59.0,ok,True,0.0,0.0,100.0,True,0.0009906000013870653,
E19_Schrenk,VAM_top3_rollout,59.0,59.0,ok,True,0.0,0.0,100.0,True,0.0014289999999164138,
E19_Schrenk,THP_top2_rollout,59.0,59.0,ok,True,0.0,0.0,100.0,True,0.001201700000819983,
E19_Schrenk,THP_top3_rollout,59.0,59.0,ok,True,0.0,0.0,100.0,True,0.001146599999628961,
E19_Schrenk,THP_top2_LCMcompletion,59.0,59.0,ok,True,0.0,0.0,100.0,True,0.0006253999999898952,
E19_Schrenk,VAM_top2_first_only,59.0,59.0,ok,True,0.0,0.0,100.0,True,0.0003219999998691492,
E19_Schrenk,THP_top2_first_only,59.0,60.0,ok,True,1.0,1.694915254237288,98.33333333333333,False,0.00032669999927747995,
E19_Schrenk,VAM_tieA_top2_rollout,59.0,59.0,ok,True,0.0,0.0,100.0,True,0.0008404000000155065,
E19_Schrenk,MRM_orientation_ensemble,59.0,59.0,ok,True,0.0,0.0,100.0,True,0.00026530000104685314,
E19_Schrenk,LCM_score_alpha025,59.0,69.0,ok,True,10.0,16.949152542372882,85.5072463768116,False,0.00021179999748710543,
E19_Schrenk,LCM_score_alpha050,59.0,69.0,ok,True,10.0,16.949152542372882,85.5072463768116,False,0.00019720000273082405,
E19_Schrenk,LCM_score_alpha075,59.0,69.0,ok,True,10.0,16.949152542372882,85.5072463768116,False,0.00019519999841577373,
E19_Schrenk,JHM_single,59.0,59.0,ok,True,0.0,0.0,100.0,True,0.00017859999934444204,
E19_Schrenk,JHM_cap_receiver,59.0,69.0,ok,True,10.0,16.949152542372882,85.5072463768116,False,0.00014430000010179356,
E19_Schrenk,JHM_net_tie,59.0,59.0,ok,True,0.0,0.0,100.0,True,0.0006161999990581535,
E19_Schrenk,JHM_cap_net_tie,59.0,69.0,ok,True,10.0,16.949152542372882,85.5072463768116,False,0.00017049999951268546,
E19_Schrenk,JHM_top2_completion,59.0,59.0,ok,True,0.0,0.0,100.0,True,0.0004757999995490536,
E19_Samuel,NWCM,28.0,42.0,ok,True,14.0,50.0,66.66666666666667,False,0.00013699999908567406,
E19_Samuel,LCM,28.0,28.0,ok,True,0.0,0.0,100.0,True,0.00010990000009769574,
E19_Samuel,VAM,28.0,28.0,ok,True,0.0,0.0,100.0,True,0.00019550000070012175,
E19_Samuel,LDVAM,28.0,28.0,ok,True,0.0,0.0,100.0,True,0.00027520000003278255,
E19_Samuel,RAM,28.0,34.0,ok,True,6.0,21.428571428571427,82.3529411764706,False,0.00017149999985122122,
E19_Samuel,TDM1,28.0,28.0,ok,True,0.0,0.0,100.0,True,0.0001587999977346044,
E19_Samuel,TDM2,28.0,28.0,ok,True,0.0,0.0,100.0,True,0.0003022999990207609,
E19_Samuel,TDSM,28.0,28.0,ok,True,0.0,0.0,100.0,True,0.0004353000003902707,
E19_Samuel,THP,28.0,28.0,ok,True,0.0,0.0,100.0,True,0.00023640000290470198,
E19_Samuel,SSM,28.0,28.0,ok,True,0.0,0.0,100.0,True,9.610000051907264e-05,
E19_Samuel,CSM,28.0,28.0,ok,True,0.0,0.0,100.0,True,7.869999899412505e-05,
E19_Samuel,RBSM,28.0,28.0,ok,True,0.0,0.0,100.0,True,7.550000009359792e-05,
E19_Samuel,BCE,28.0,28.0,ok,True,0.0,0.0,100.0,True,7.499999992433004e-05,
E19_Samuel,MRM,28.0,28.0,ok,True,0.0,0.0,100.0,True,0.00010599999950500205,
E19_Samuel,LCM_tie_allocation,28.0,28.0,ok,True,0.0,0.0,100.0,True,0.00010939999992842786,
E19_Samuel,VAM_tie_cost,28.0,28.0,ok,True,0.0,0.0,100.0,True,0.0003858999989461154,
E19_Samuel,VAM_tie_allocation,28.0,28.0,ok,True,0.0,0.0,100.0,True,0.0002535999992687721,
E19_Samuel,VAM_penalty_sqrtA,28.0,28.0,ok,True,0.0,0.0,100.0,True,0.00020519999816315249,
E19_Samuel,VAM_penalty_A,28.0,28.0,ok,True,0.0,0.0,100.0,True,0.00019460000112303533,
E19_Samuel,TDSM_theta1_5,28.0,28.0,ok,True,0.0,0.0,100.0,True,0.00016730000061215833,
E19_Samuel,LCM_top2_product,28.0,28.0,ok,True,0.0,0.0,100.0,True,0.00012820000119972974,
E19_Samuel,LCM_top2_LB,28.0,28.0,ok,True,0.0,0.0,100.0,True,0.0004986000021744985,
E19_Samuel,VAM_top2_LB,28.0,28.0,ok,True,0.0,0.0,100.0,True,0.000320099999953527,
E19_Samuel,THP_top2_LB,28.0,28.0,ok,True,0.0,0.0,100.0,True,0.00032749999809311703,
E19_Samuel,LCM_top2_rollout,28.0,28.0,ok,True,0.0,0.0,100.0,True,0.000323799999023322,
E19_Samuel,LCM_top3_rollout,28.0,28.0,ok,True,0.0,0.0,100.0,True,0.0007608999985677656,
E19_Samuel,VAM_top2_rollout,28.0,28.0,ok,True,0.0,0.0,100.0,True,0.0006988999994064216,
E19_Samuel,VAM_top3_rollout,28.0,28.0,ok,True,0.0,0.0,100.0,True,0.0008947000023908913,
E19_Samuel,THP_top2_rollout,28.0,28.0,ok,True,0.0,0.0,100.0,True,0.0007522000014432706,
E19_Samuel,THP_top3_rollout,28.0,28.0,ok,True,0.0,0.0,100.0,True,0.0009952000000339467,
E19_Samuel,THP_top2_LCMcompletion,28.0,28.0,ok,True,0.0,0.0,100.0,True,0.0005278000026009977,
E19_Samuel,VAM_top2_first_only,28.0,28.0,ok,True,0.0,0.0,100.0,True,0.0003187000002071727,
E19_Samuel,THP_top2_first_only,28.0,28.0,ok,True,0.0,0.0,100.0,True,0.0004459000010683667,
E19_Samuel,VAM_tieA_top2_rollout,28.0,28.0,ok,True,0.0,0.0,100.0,True,0.0010271999999531545,
E19_Samuel,MRM_orientation_ensemble,28.0,28.0,ok,True,0.0,0.0,100.0,True,0.00030609999885200523,
E19_Samuel,LCM_score_alpha025,28.0,36.0,ok,True,8.0,28.571428571428573,77.77777777777777,False,0.00020450000010896474,
E19_Samuel,LCM_score_alpha050,28.0,28.0,ok,True,0.0,0.0,100.0,True,0.00020109999968553893,
E19_Samuel,LCM_score_alpha075,28.0,28.0,ok,True,0.0,0.0,100.0,True,0.0001933999992616009,
E19_Samuel,JHM_single,28.0,28.0,ok,True,0.0,0.0,100.0,True,0.00011819999781437218,
E19_Samuel,JHM_cap_receiver,28.0,28.0,ok,True,0.0,0.0,100.0,True,9.979999958886765e-05,
E19_Samuel,JHM_net_tie,28.0,28.0,ok,True,0.0,0.0,100.0,True,9.420000060345046e-05,
E19_Samuel,JHM_cap_net_tie,28.0,28.0,ok,True,0.0,0.0,100.0,True,9.359999967273325e-05,
E19_Samuel,JHM_top2_completion,28.0,28.0,ok,True,0.0,0.0,100.0,True,0.00011670000094454736,
E19_Imam,NWCM,435.0,520.0,ok,True,85.0,19.54022988505747,83.65384615384616,False,0.00012559999959194101,
E19_Imam,LCM,435.0,475.0,ok,True,40.0,9.195402298850574,91.57894736842105,False,0.00011759999688365497,
E19_Imam,VAM,435.0,475.0,ok,True,40.0,9.195402298850574,91.57894736842105,False,0.00032160000046133064,
E19_Imam,LDVAM,435.0,475.0,ok,True,40.0,9.195402298850574,91.57894736842105,False,0.00030300000071292743,
E19_Imam,RAM,435.0,475.0,ok,True,40.0,9.195402298850574,91.57894736842105,False,0.00015110000094864517,
E19_Imam,TDM1,435.0,475.0,ok,True,40.0,9.195402298850574,91.57894736842105,False,0.00015239999993355013,
E19_Imam,TDM2,435.0,475.0,ok,True,40.0,9.195402298850574,91.57894736842105,False,0.0001956999985850416,
E19_Imam,TDSM,435.0,475.0,ok,True,40.0,9.195402298850574,91.57894736842105,False,0.00014620000001741573,
E19_Imam,THP,435.0,475.0,ok,True,40.0,9.195402298850574,91.57894736842105,False,0.00019780000002356246,
E19_Imam,SSM,435.0,460.0,ok,True,25.0,5.747126436781609,94.56521739130434,False,0.00010099999781232327,
E19_Imam,CSM,435.0,435.0,ok,True,0.0,0.0,100.0,True,8.460000026389025e-05,
E19_Imam,RBSM,435.0,435.0,ok,True,0.0,0.0,100.0,True,8.429999797954224e-05,
E19_Imam,BCE,435.0,435.0,ok,True,0.0,0.0,100.0,True,9.000000136438757e-05,
E19_Imam,MRM,435.0,475.0,ok,True,40.0,9.195402298850574,91.57894736842105,False,0.0001007999999274034,
E19_Imam,LCM_tie_allocation,435.0,475.0,ok,True,40.0,9.195402298850574,91.57894736842105,False,0.00010309999925084412,
E19_Imam,VAM_tie_cost,435.0,475.0,ok,True,40.0,9.195402298850574,91.57894736842105,False,0.00016959999993559904,
E19_Imam,VAM_tie_allocation,435.0,475.0,ok,True,40.0,9.195402298850574,91.57894736842105,False,0.0001661000023887027,
E19_Imam,VAM_penalty_sqrtA,435.0,475.0,ok,True,40.0,9.195402298850574,91.57894736842105,False,0.00016519999917363748,
E19_Imam,VAM_penalty_A,435.0,475.0,ok,True,40.0,9.195402298850574,91.57894736842105,False,0.00016150000010384247,
E19_Imam,TDSM_theta1_5,435.0,475.0,ok,True,40.0,9.195402298850574,91.57894736842105,False,0.0001407999989169184,
E19_Imam,LCM_top2_product,435.0,520.0,ok,True,85.0,19.54022988505747,83.65384615384616,False,0.00011169999925186858,
E19_Imam,LCM_top2_LB,435.0,475.0,ok,True,40.0,9.195402298850574,91.57894736842105,False,0.000243499998759944,
E19_Imam,VAM_top2_LB,435.0,435.0,ok,True,0.0,0.0,100.0,True,0.00041110000165645033,
E19_Imam,THP_top2_LB,435.0,475.0,ok,True,40.0,9.195402298850574,91.57894736842105,False,0.000378400000045076,
E19_Imam,LCM_top2_rollout,435.0,475.0,ok,True,40.0,9.195402298850574,91.57894736842105,False,0.0007905000020400621,
E19_Imam,LCM_top3_rollout,435.0,460.0,ok,True,25.0,5.747126436781609,94.56521739130434,False,0.000464000000647502,
E19_Imam,VAM_top2_rollout,435.0,435.0,ok,True,0.0,0.0,100.0,True,0.0014184999999997672,
E19_Imam,VAM_top3_rollout,435.0,435.0,ok,True,0.0,0.0,100.0,True,0.0011473999984445982,
E19_Imam,THP_top2_rollout,435.0,460.0,ok,True,25.0,5.747126436781609,94.56521739130434,False,0.0006044000001566019,
E19_Imam,THP_top3_rollout,435.0,460.0,ok,True,25.0,5.747126436781609,94.56521739130434,False,0.0005963000003248453,
E19_Imam,THP_top2_LCMcompletion,435.0,460.0,ok,True,25.0,5.747126436781609,94.56521739130434,False,0.00039789999937056564,
E19_Imam,VAM_top2_first_only,435.0,475.0,ok,True,40.0,9.195402298850574,91.57894736842105,False,0.0004990000015823171,
E19_Imam,THP_top2_first_only,435.0,475.0,ok,True,40.0,9.195402298850574,91.57894736842105,False,0.0002934000003733672,
E19_Imam,VAM_tieA_top2_rollout,435.0,435.0,ok,True,0.0,0.0,100.0,True,0.0007550000009359792,
E19_Imam,MRM_orientation_ensemble,435.0,475.0,ok,True,40.0,9.195402298850574,91.57894736842105,False,0.0002865000024030451,
E19_Imam,LCM_score_alpha025,435.0,505.0,ok,True,70.0,16.091954022988507,86.13861386138613,False,0.00019489999976940453,
E19_Imam,LCM_score_alpha050,435.0,475.0,ok,True,40.0,9.195402298850574,91.57894736842105,False,0.0001816000003600493,
E19_Imam,LCM_score_alpha075,435.0,475.0,ok,True,40.0,9.195402298850574,91.57894736842105,False,0.00017979999756789766,
E19_Imam,JHM_single,435.0,460.0,ok,True,25.0,5.747126436781609,94.56521739130434,False,0.0001424999973096419,
E19_Imam,JHM_cap_receiver,435.0,435.0,ok,True,0.0,0.0,100.0,True,0.00012269999933778308,
E19_Imam,JHM_net_tie,435.0,460.0,ok,True,25.0,5.747126436781609,94.56521739130434,False,0.00011160000212839805,
E19_Imam,JHM_cap_net_tie,435.0,435.0,ok,True,0.0,0.0,100.0,True,0.00011029999950551428,
E19_Imam,JHM_top2_completion,435.0,460.0,ok,True,25.0,5.747126436781609,94.56521739130434,False,0.0002666000000317581,
E19_Adlakha,NWCM,390.0,390.0,ok,True,0.0,0.0,100.0,True,0.0001416000013705343,
E19_Adlakha,LCM,390.0,490.0,ok,True,100.0,25.641025641025642,79.59183673469387,False,0.0002117000003636349,
E19_Adlakha,VAM,390.0,390.0,ok,True,0.0,0.0,100.0,True,0.00032559999817749485,
E19_Adlakha,LDVAM,390.0,390.0,ok,True,0.0,0.0,100.0,True,0.00029859999995096587,
E19_Adlakha,RAM,390.0,400.0,ok,True,10.0,2.5641025641025643,97.5,False,0.0002096999996865634,
E19_Adlakha,TDM1,390.0,400.0,ok,True,10.0,2.5641025641025643,97.5,False,0.00022280000121099874,
E19_Adlakha,TDM2,390.0,390.0,ok,True,0.0,0.0,100.0,True,0.0003192000003764406,
E19_Adlakha,TDSM,390.0,400.0,ok,True,10.0,2.5641025641025643,97.5,False,0.00023270000019692816,
E19_Adlakha,THP,390.0,470.0,ok,True,80.0,20.512820512820515,82.97872340425532,False,0.0003121999980066903,
E19_Adlakha,SSM,390.0,500.0,ok,True,110.0,28.205128205128204,78.0,False,0.00011669999730656855,
E19_Adlakha,CSM,390.0,480.0,ok,True,90.0,23.076923076923077,81.25,False,0.00013330000001587905,
E19_Adlakha,RBSM,390.0,480.0,ok,True,90.0,23.076923076923077,81.25,False,0.00011399999857530929,
E19_Adlakha,BCE,390.0,500.0,ok,True,110.0,28.205128205128204,78.0,False,0.00012720000086119398,
E19_Adlakha,MRM,390.0,400.0,ok,True,10.0,2.5641025641025643,97.5,False,0.0001269999993382953,
E19_Adlakha,LCM_tie_allocation,390.0,500.0,ok,True,110.0,28.205128205128204,78.0,False,0.0001494999996793922,
E19_Adlakha,VAM_tie_cost,390.0,390.0,ok,True,0.0,0.0,100.0,True,0.0002817999993567355,
E19_Adlakha,VAM_tie_allocation,390.0,410.0,ok,True,20.0,5.128205128205129,95.1219512195122,False,0.0002839999979187269,
E19_Adlakha,VAM_penalty_sqrtA,390.0,410.0,ok,True,20.0,5.128205128205129,95.1219512195122,False,0.0002899999999499414,
E19_Adlakha,VAM_penalty_A,390.0,410.0,ok,True,20.0,5.128205128205129,95.1219512195122,False,0.00033199999961652793,
E19_Adlakha,TDSM_theta1_5,390.0,400.0,ok,True,10.0,2.5641025641025643,97.5,False,0.00037539999902946874,
E19_Adlakha,LCM_top2_product,390.0,520.0,ok,True,130.0,33.333333333333336,75.0,False,0.0003037999995285645,
E19_Adlakha,LCM_top2_LB,390.0,480.0,ok,True,90.0,23.076923076923077,81.25,False,0.00037539999902946874,
E19_Adlakha,VAM_top2_LB,390.0,390.0,ok,True,0.0,0.0,100.0,True,0.0005178999999770895,
E19_Adlakha,THP_top2_LB,390.0,410.0,ok,True,20.0,5.128205128205129,95.1219512195122,False,0.0006028000025253277,
E19_Adlakha,LCM_top2_rollout,390.0,480.0,ok,True,90.0,23.076923076923077,81.25,False,0.0008884999988367781,
E19_Adlakha,LCM_top3_rollout,390.0,480.0,ok,True,90.0,23.076923076923077,81.25,False,0.0010254000007989816,
E19_Adlakha,VAM_top2_rollout,390.0,390.0,ok,True,0.0,0.0,100.0,True,0.002511800001229858,
E19_Adlakha,VAM_top3_rollout,390.0,390.0,ok,True,0.0,0.0,100.0,True,0.0021558000007644296,
E19_Adlakha,THP_top2_rollout,390.0,390.0,ok,True,0.0,0.0,100.0,True,0.002472300002409611,
E19_Adlakha,THP_top3_rollout,390.0,390.0,ok,True,0.0,0.0,100.0,True,0.0021960999984003138,
E19_Adlakha,THP_top2_LCMcompletion,390.0,410.0,ok,True,20.0,5.128205128205129,95.1219512195122,False,0.0009919999974954408,
E19_Adlakha,VAM_top2_first_only,390.0,390.0,ok,True,0.0,0.0,100.0,True,0.0006937999969522934,
E19_Adlakha,THP_top2_first_only,390.0,430.0,ok,True,40.0,10.256410256410257,90.69767441860465,False,0.0008737999996810686,
E19_Adlakha,VAM_tieA_top2_rollout,390.0,390.0,ok,True,0.0,0.0,100.0,True,0.0017439999974158127,
E19_Adlakha,MRM_orientation_ensemble,390.0,390.0,ok,True,0.0,0.0,100.0,True,0.0003385999989404809,
E19_Adlakha,LCM_score_alpha025,390.0,500.0,ok,True,110.0,28.205128205128204,78.0,False,0.000276099999609869,
E19_Adlakha,LCM_score_alpha050,390.0,500.0,ok,True,110.0,28.205128205128204,78.0,False,0.0002604000001156237,
E19_Adlakha,LCM_score_alpha075,390.0,500.0,ok,True,110.0,28.205128205128204,78.0,False,0.00027299999783281237,
E19_Adlakha,JHM_single,390.0,,unverified,,,,,,4.099999932805076e-05,Multiple excess rows after initialization: original dependency branch not verified
E19_Adlakha,JHM_cap_receiver,390.0,,unverified,,,,,,2.8200000087963417e-05,Multiple excess rows after initialization: original dependency branch not verified
E19_Adlakha,JHM_net_tie,390.0,,unverified,,,,,,2.5800000003073364e-05,Multiple excess rows after initialization: original dependency branch not verified
E19_Adlakha,JHM_cap_net_tie,390.0,,unverified,,,,,,2.4999997549457476e-05,Multiple excess rows after initialization: original dependency branch not verified
E19_Adlakha,JHM_top2_completion,390.0,,unverified,,,,,,2.479999966453761e-05,Multiple excess rows after initialization: original dependency branch not verified
L01_Real2x94,NWCM,12175097.0,12309686.0,ok,True,134589.0,1.1054449915265563,98.90664148541238,False,0.001406800001859665,
L01_Real2x94,LCM,12175097.0,12219653.0,ok,True,44556.0,0.3659601233567174,99.63537426144589,False,0.0028173999999125954,
L01_Real2x94,VAM,12175097.0,12175097.0,ok,True,0.0,0.0,100.0,True,0.014047199998458382,
L01_Real2x94,LDVAM,12175097.0,12175097.0,ok,True,0.0,0.0,100.0,True,0.012296000000787899,
L01_Real2x94,RAM,12175097.0,12181508.0,ok,True,6411.0,0.052656664665587466,99.94737104798519,False,0.007765899998048553,
L01_Real2x94,TDM1,12175097.0,12208071.0,ok,True,32974.0,0.27083151781049464,99.7298999981242,False,0.0033411999975214712,
L01_Real2x94,TDM2,12175097.0,12208071.0,ok,True,32974.0,0.27083151781049464,99.7298999981242,False,0.015159399998083245,
L01_Real2x94,TDSM,12175097.0,12179696.0,ok,True,4599.0,0.03777382636047992,99.96224043687133,False,0.0040079999998852145,
L01_Real2x94,THP,12175097.0,12714389.0,ok,True,539292.0,4.429467789866479,95.75841198503522,False,0.012444100000720937,
L01_Real2x94,SSM,12175097.0,12175097.0,ok,True,0.0,0.0,100.0,True,0.0010428999994473998,
L01_Real2x94,CSM,12175097.0,12175097.0,ok,True,0.0,0.0,100.0,True,0.0014289999999164138,
L01_Real2x94,RBSM,12175097.0,12175097.0,ok,True,0.0,0.0,100.0,True,0.0019844999987981282,
L01_Real2x94,BCE,12175097.0,12175097.0,ok,True,0.0,0.0,100.0,True,0.0014590999999199994,
L01_Real2x94,MRM,12175097.0,12264685.0,ok,True,89588.0,0.7358298664889487,99.26954503927332,False,0.002599200000986457,
L01_Real2x94,LCM_tie_allocation,12175097.0,12219653.0,ok,True,44556.0,0.3659601233567174,99.63537426144589,False,0.003176400001393631,
L01_Real2x94,VAM_tie_cost,12175097.0,12175097.0,ok,True,0.0,0.0,100.0,True,0.011449100002209889,
L01_Real2x94,VAM_tie_allocation,12175097.0,12175097.0,ok,True,0.0,0.0,100.0,True,0.012937399998918409,
L01_Real2x94,VAM_penalty_sqrtA,12175097.0,12181456.0,ok,True,6359.0,0.05222956334557335,99.9477977016869,False,0.013890500002162298,
L01_Real2x94,VAM_penalty_A,12175097.0,12194454.0,ok,True,19357.0,0.15898846637525763,99.84126390570664,False,0.012152100000093924,
L01_Real2x94,TDSM_theta1_5,12175097.0,12185584.0,ok,True,10487.0,0.0861348373651561,99.91393929088667,False,0.0043304999999236315,
L01_Real2x94,LCM_top2_product,12175097.0,12271494.0,ok,True,96397.0,0.791755498950029,99.21446402532568,False,0.0035045000004174653,
L01_Real2x94,LCM_top2_LB,12175097.0,12274409.0,ok,True,99312.0,0.8156978133315899,99.19090198151292,False,0.005292300000292016,
L01_Real2x94,VAM_top2_LB,12175097.0,12177956.0,ok,True,2859.0,0.023482359113853466,99.97652315380348,False,0.014979999999923166,
L01_Real2x94,THP_top2_LB,12175097.0,12242354.0,ok,True,67257.0,0.5524144900036525,99.45062036271783,False,0.015171900002314942,
L01_Real2x94,LCM_top2_rollout,12175097.0,12217803.0,ok,True,42706.0,0.35076517254852263,99.65046088891759,False,0.13435050000043702,
L01_Real2x94,LCM_top3_rollout,12175097.0,12204705.0,ok,True,29608.0,0.24318492082650348,99.75740503355058,False,0.19767979999960517,
L01_Real2x94,VAM_top2_rollout,12175097.0,12175097.0,ok,True,0.0,0.0,100.0,True,0.6378837999982352,
L01_Real2x94,VAM_top3_rollout,12175097.0,12175097.0,ok,True,0.0,0.0,100.0,True,0.886778800002503,
L01_Real2x94,THP_top2_rollout,12175097.0,12282430.0,ok,True,107333.0,0.8815781919437685,99.1261256933685,False,0.6205520999974397,
L01_Real2x94,THP_top3_rollout,12175097.0,12187811.0,ok,True,12714.0,0.1044262727434533,99.89568266196449,False,0.8341656000011426,
L01_Real2x94,THP_top2_LCMcompletion,12175097.0,12206729.0,ok,True,31632.0,0.25980901835936093,99.74086423971565,False,0.14490500000101747,
L01_Real2x94,VAM_top2_first_only,12175097.0,12175097.0,ok,True,0.0,0.0,100.0,True,0.022405600000638515,
L01_Real2x94,THP_top2_first_only,12175097.0,12714389.0,ok,True,539292.0,4.429467789866479,95.75841198503522,False,0.02443219999986468,
L01_Real2x94,VAM_tieA_top2_rollout,12175097.0,12175097.0,ok,True,0.0,0.0,100.0,True,0.6174640999997791,
L01_Real2x94,MRM_orientation_ensemble,12175097.0,12175097.0,ok,True,0.0,0.0,100.0,True,0.008384100001421757,
L01_Real2x94,LCM_score_alpha025,12175097.0,12219155.0,ok,True,44058.0,0.3618698068688898,99.63943496911202,False,0.004237899996951455,
L01_Real2x94,LCM_score_alpha050,12175097.0,12219181.0,ok,True,44084.0,0.3620833575288969,99.63922295610483,False,0.004864600003202213,
L01_Real2x94,LCM_score_alpha075,12175097.0,12219653.0,ok,True,44556.0,0.3659601233567174,99.63537426144589,False,0.004990199999156175,
L01_Real2x94,JHM_single,12175097.0,12175097.0,ok,True,0.0,0.0,100.0,True,0.0024720999972487334,
L01_Real2x94,JHM_cap_receiver,12175097.0,12175097.0,ok,True,0.0,0.0,100.0,True,0.0013204999995650724,
L01_Real2x94,JHM_net_tie,12175097.0,12175097.0,ok,True,0.0,0.0,100.0,True,0.0016312999978254084,
L01_Real2x94,JHM_cap_net_tie,12175097.0,12175097.0,ok,True,0.0,0.0,100.0,True,0.0013761999980488326,
L01_Real2x94,JHM_top2_completion,12175097.0,12175097.0,ok,True,0.0,0.0,100.0,True,0.010010899997723754,
