suite,variant,total,successful,unverified,failures,nonbasic,mean_gap_pct,median_gap_pct,max_gap_pct,std_gap_pct,optimal_hits,paired_n,paired_baseline_mean_gap_pct,paired_modified_mean_gap_pct,improved,tied,worsened
published,baseline,84,55,29,0,0,2.0929383245618687,0.0,31.11111111111111,4.913400415274864,36,55,2.0929383245618687,2.0929383245618687,0,55,0
published,cap_receiver,84,56,28,0,0,1.8804943023676632,0.0,22.857142857142858,4.461803897176826,40,55,2.0929383245618687,1.914685107865257,15,28,12
published,net_tie,84,55,29,0,0,1.901915176046274,0.0,31.11111111111111,4.772464337792427,39,55,2.0929383245618687,1.901915176046274,3,50,2
published,cap_net_tie,84,56,28,0,0,1.8804943023676632,0.0,22.857142857142858,4.461803897176826,40,55,2.0929383245618687,1.914685107865257,15,28,12
published,top2_completion,84,55,29,0,0,1.040024357439826,0.0,9.621993127147766,2.229924205197023,40,55,2.0929383245618687,1.040024357439826,7,48,0
random,baseline,300,73,227,0,0,3.694378824643904,0.0,37.913413768630235,8.066768025587145,44,73,3.694378824643904,3.694378824643904,0,73,0
random,cap_receiver,300,83,217,0,0,7.270253780472787,0.16260162601626016,96.68141592920354,15.133560378371556,41,73,3.694378824643904,6.457555580397018,14,39,20
random,net_tie,300,72,228,0,0,3.0027969723704535,0.0,37.913413768630235,6.894692401117755,44,72,3.2724841352615,3.0027969723704535,1,71,0
random,cap_net_tie,300,83,217,0,0,7.270253780472787,0.16260162601626016,96.68141592920354,15.133560378371556,41,73,3.694378824643904,6.457555580397018,14,39,20
random,top2_completion,300,70,230,0,0,0.8971211560713014,0.0,14.96127562642369,2.6421687994632848,57,70,3.3184706615800565,0.8971211560713014,19,51,0
