suite,method,n,successes,failures,mean_gap_pct,median_gap_pct,max_gap_pct,std_gap_pct,mean_absolute_gap,mean_accuracy,optimal_hits,optimal_hit_rate,mean_seconds,median_seconds,improved,worsened,tied,improvement_rate,worsening_rate,baseline
exclude_two_conflicting_author_matrix_transcriptions,LCM_tie_allocation,82,82,0,7.561166377947816,5.13972602739726,52.6530612244898,8.721151902494134,8276.439024390244,93.49861257111274,14,17.073170731707318,0.001272753658401839,0.00041429999964745,11,7,64,13.414634146341463,8.536585365853659,LCM
exclude_two_conflicting_author_matrix_transcriptions,VAM_tie_cost,82,82,0,3.5061433302685923,0.0,28.708133971291865,5.746204739228865,180.40243902439025,96.8799780543406,45,54.8780487804878,0.004392387804949838,0.0007487500006390501,6,2,74,7.317073170731708,2.4390243902439024,VAM
exclude_two_conflicting_author_matrix_transcriptions,VAM_tie_allocation,82,82,0,3.779951480334204,0.0,26.534653465346533,5.746390834680552,190.7560975609756,96.62634730926871,44,53.65853658536585,0.0044830451219817135,0.00072129999989555,3,7,72,3.658536585365854,8.536585365853659,VAM
exclude_two_conflicting_author_matrix_transcriptions,VAM_penalty_sqrtA,82,82,0,3.9736420285483995,1.0752154402128589,26.534653465346533,5.611082151040253,750.060975609756,96.43391630895925,34,41.46341463414634,0.004190785365830241,0.00073605000034145,5,22,55,6.097560975609756,26.829268292682926,VAM
exclude_two_conflicting_author_matrix_transcriptions,VAM_penalty_A,82,82,0,4.492292798451026,1.702687984891445,26.534653465346533,6.052967305431831,1308.5853658536585,95.99489345259776,32,39.02439024390244,0.004181826829330987,0.0006541000002471,9,29,44,10.975609756097562,35.36585365853659,VAM
exclude_two_conflicting_author_matrix_transcriptions,TDSM_theta1_5,82,82,0,2.1348481262748997,0.0,16.666666666666668,3.7454704156009986,3259.182926829268,98.0307276636682,45,54.8780487804878,0.001729176829274582,0.0006145500001366,5,8,69,6.097560975609756,9.75609756097561,TDSM
exclude_two_conflicting_author_matrix_transcriptions,LCM_top2_product,82,82,0,10.004358935481362,6.094465766992695,66.98564593301435,11.979152453843078,16422.085365853658,91.8180347545053,17,20.73170731707317,0.0011461536584935403,0.0004030499994769,11,21,50,13.414634146341463,25.609756097560975,LCM
exclude_two_conflicting_author_matrix_transcriptions,LCM_top2_LB,82,82,0,5.469332672415959,1.4227642276422765,63.1578947368421,10.337099315807645,8429.768292682927,95.50009797070136,30,36.58536585365854,0.002343541463343988,0.00107969999953635,41,8,33,50.0,9.75609756097561,LCM
exclude_two_conflicting_author_matrix_transcriptions,VAM_top2_LB,82,82,0,3.587295196914796,0.0,32.142857142857146,7.130849550208202,289.4146341463415,96.92542223222847,46,56.09756097560975,0.00560958048767705,0.0013310499989529,18,18,46,21.951219512195124,21.951219512195124,VAM
exclude_two_conflicting_author_matrix_transcriptions,THP_top2_LB,82,82,0,2.497664165473188,0.0,27.38095238095238,4.570248071178413,10851.524390243903,97.73479644878874,44,53.65853658536585,0.006100301219548071,0.00143845000002325,42,2,38,51.21951219512195,2.4390243902439024,THP
exclude_two_conflicting_author_matrix_transcriptions,LCM_top2_rollout,82,82,0,4.760574786334378,1.0608427765508057,60.28708133971292,9.782908828759245,7800.585365853659,96.07683347771233,35,42.68292682926829,0.03780672560985357,0.0016832500004966,48,0,34,58.53658536585366,0.0,LCM
exclude_two_conflicting_author_matrix_transcriptions,LCM_top3_rollout,82,82,0,2.2613627796913103,0.0,23.07692307692308,4.30749525937405,5951.719512195122,97.9427775241924,45,54.8780487804878,0.05089520975618538,0.00204095000026425,61,0,21,74.39024390243902,0.0,LCM
exclude_two_conflicting_author_matrix_transcriptions,VAM_top2_rollout,82,82,0,0.8874842225306528,0.0,14.404432132963988,2.3049534488459282,34.31707317073171,99.16774284688992,62,75.60975609756098,0.19127184268306402,0.00325609999981675,27,0,55,32.926829268292686,0.0,VAM
exclude_two_conflicting_author_matrix_transcriptions,VAM_top3_rollout,82,82,0,0.6869699361394849,0.0,14.404432132963988,2.137710101923935,24.573170731707318,99.35834444376663,66,80.48780487804878,0.2850755195123361,0.0039701999994576,30,0,52,36.58536585365854,0.0,VAM
exclude_two_conflicting_author_matrix_transcriptions,THP_top2_rollout,82,82,0,1.9940926834356205,0.0,17.857142857142858,3.949509528010858,12944.817073170732,98.17812481002251,51,62.19512195121951,0.19550886829269648,0.0033407999999326,48,0,34,58.53658536585366,0.0,THP
exclude_two_conflicting_author_matrix_transcriptions,THP_top3_rollout,82,82,0,1.7614108866181084,0.0,17.857142857142858,3.920281935831139,8997.658536585366,98.40035358179126,56,68.29268292682927,0.25819200000012466,0.0037058500001876,49,0,33,59.75609756097561,0.0,THP
exclude_two_conflicting_author_matrix_transcriptions,THP_top2_LCMcompletion,82,82,0,2.2828335252198126,0.0,17.857142857142858,4.204280896073859,7789.109756097561,97.9187041478733,46,56.09756097560975,0.03337533780487736,0.0020283500007280504,44,1,37,53.65853658536585,1.2195121951219512,THP
exclude_two_conflicting_author_matrix_transcriptions,VAM_top2_first_only,82,82,0,1.8118090268811808,0.0,16.03960396039604,3.751452613641907,154.4268292682927,98.34146122706883,54,65.85365853658537,0.006271829268282438,0.0012259500008439499,16,0,66,19.51219512195122,0.0,VAM
exclude_two_conflicting_author_matrix_transcriptions,THP_top2_first_only,82,82,0,3.745678231032104,1.7076726808820848,28.712871287128717,5.325898745591032,23942.98780487805,96.6175338387411,33,40.24390243902439,0.006014468292561032,0.00119694999921185,27,0,55,32.926829268292686,0.0,THP
exclude_two_conflicting_author_matrix_transcriptions,VAM_tieA_top2_rollout,82,82,0,1.1908126533993655,0.0,21.5311004784689,3.29140953863159,39.048780487804876,98.91483581132917,62,75.60975609756098,0.17338684756085543,0.00323179999941195,26,1,55,31.70731707317073,1.2195121951219512,VAM
exclude_two_conflicting_author_matrix_transcriptions,MRM_orientation_ensemble,82,82,0,1.2126062128996187,0.0,16.897506925207757,3.3133465823885464,33.76829268292683,98.89631639760813,64,78.04878048780488,0.0026370195121160987,0.0009170000002995499,23,0,59,28.048780487804876,0.0,MRM
exclude_two_conflicting_author_matrix_transcriptions,LCM_score_alpha025,82,82,0,11.516504635977277,5.0601796047058585,120.09569377990432,17.029984163992722,8213.524390243903,91.12075841969703,13,15.853658536585366,0.001683408536603228,0.00074890000087175,25,30,27,30.48780487804878,36.58536585365854,LCM
exclude_two_conflicting_author_matrix_transcriptions,LCM_score_alpha050,82,82,0,9.656361187411504,5.303828591499824,63.1578947368421,12.440801420805144,8272.90243902439,92.15262718829017,13,15.853658536585366,0.0016793402439760474,0.0006932500000402,15,18,49,18.29268292682927,21.951219512195124,LCM
exclude_two_conflicting_author_matrix_transcriptions,LCM_score_alpha075,82,82,0,8.771987244779064,5.13972602739726,63.1578947368421,11.639516222100818,8293.939024390244,92.78885173173778,14,17.073170731707318,0.001896408536661616,0.000745650000681,10,8,64,12.195121951219512,9.75609756097561,LCM
