problem,method,tie,cost
L04_Example1,LCM,index,61.0
L04_Example1,LCM,cost,61.0
L04_Example1,LCM,allocation,61.0
L04_Example1,VAM,index,61.0
L04_Example1,VAM,cost,61.0
L04_Example1,VAM,allocation,61.0
L04_Example1,TDM1,index,55.0
L04_Example1,TDM1,cost,55.0
L04_Example1,TDM1,allocation,55.0
L04_Example1,TDSM,index,55.0
L04_Example1,TDSM,cost,55.0
L04_Example1,TDSM,allocation,55.0
L04_Example2,LCM,index,2360.0
L04_Example2,LCM,cost,2360.0
L04_Example2,LCM,allocation,2360.0
L04_Example2,VAM,index,2245.0
L04_Example2,VAM,cost,2245.0
L04_Example2,VAM,allocation,2245.0
L04_Example2,TDM1,index,2245.0
L04_Example2,TDM1,cost,2245.0
L04_Example2,TDM1,allocation,2245.0
L04_Example2,TDSM,index,1985.0
L04_Example2,TDSM,cost,1985.0
L04_Example2,TDSM,allocation,1985.0
E01_Example1,LCM,index,3670.0
E01_Example1,LCM,cost,3670.0
E01_Example1,LCM,allocation,3670.0
E01_Example1,VAM,index,3520.0
E01_Example1,VAM,cost,3520.0
E01_Example1,VAM,allocation,3520.0
E01_Example1,TDM1,index,3570.0
E01_Example1,TDM1,cost,3570.0
E01_Example1,TDM1,allocation,3570.0
E01_Example1,TDSM,index,3710.0
E01_Example1,TDSM,cost,3710.0
E01_Example1,TDSM,allocation,3710.0
E01_Example2,LCM,index,650.0
E01_Example2,LCM,cost,650.0
E01_Example2,LCM,allocation,665.0
E01_Example2,VAM,index,650.0
E01_Example2,VAM,cost,650.0
E01_Example2,VAM,allocation,650.0
E01_Example2,TDM1,index,650.0
E01_Example2,TDM1,cost,610.0
E01_Example2,TDM1,allocation,610.0
E01_Example2,TDSM,index,610.0
E01_Example2,TDSM,cost,610.0
E01_Example2,TDSM,allocation,610.0
E01_Example3,LCM,index,814.0
E01_Example3,LCM,cost,814.0
E01_Example3,LCM,allocation,814.0
E01_Example3,VAM,index,779.0
E01_Example3,VAM,cost,779.0
E01_Example3,VAM,allocation,779.0
E01_Example3,TDM1,index,779.0
E01_Example3,TDM1,cost,779.0
E01_Example3,TDM1,allocation,779.0
E01_Example3,TDSM,index,781.0
E01_Example3,TDSM,cost,781.0
E01_Example3,TDSM,allocation,781.0
E01_Example4,LCM,index,490.0
E01_Example4,LCM,cost,490.0
E01_Example4,LCM,allocation,490.0
E01_Example4,VAM,index,490.0
E01_Example4,VAM,cost,490.0
E01_Example4,VAM,allocation,490.0
E01_Example4,TDM1,index,490.0
E01_Example4,TDM1,cost,490.0
E01_Example4,TDM1,allocation,490.0
E01_Example4,TDSM,index,490.0
E01_Example4,TDSM,cost,490.0
E01_Example4,TDSM,allocation,490.0
E01_Example5,LCM,index,1465.0
E01_Example5,LCM,cost,1465.0
E01_Example5,LCM,allocation,1465.0
E01_Example5,VAM,index,1401.0
E01_Example5,VAM,cost,1401.0
E01_Example5,VAM,allocation,1401.0
E01_Example5,TDM1,index,1401.0
E01_Example5,TDM1,cost,1401.0
E01_Example5,TDM1,allocation,1401.0
E01_Example5,TDSM,index,1465.0
E01_Example5,TDSM,cost,1465.0
E01_Example5,TDSM,allocation,1465.0
E01_Example6,LCM,index,650.0
E01_Example6,LCM,cost,650.0
E01_Example6,LCM,allocation,572.0
E01_Example6,VAM,index,586.0
E01_Example6,VAM,cost,552.0
E01_Example6,VAM,allocation,639.0
E01_Example6,TDM1,index,558.0
E01_Example6,TDM1,cost,558.0
E01_Example6,TDM1,allocation,558.0
E01_Example6,TDSM,index,558.0
E01_Example6,TDSM,cost,558.0
E01_Example6,TDSM,allocation,558.0
E01_Example7,LCM,index,887.0
E01_Example7,LCM,cost,887.0
E01_Example7,LCM,allocation,887.0
E01_Example7,VAM,index,826.0
E01_Example7,VAM,cost,826.0
E01_Example7,VAM,allocation,826.0
E01_Example7,TDM1,index,830.0
E01_Example7,TDM1,cost,844.0
E01_Example7,TDM1,allocation,830.0
E01_Example7,TDSM,index,844.0
E01_Example7,TDSM,cost,844.0
E01_Example7,TDSM,allocation,844.0
